0.010000	0.0000006858	-0.0000001209	0.0017451129	0.0000000000	0.0000000000	-0.0978330661	10.1000000000	0.0000000343	0.0000000061	0.0000000000	0.0000000000	0.0000000000	
0.020000	0.0000006857	-0.0000001215	0.0017451129	0.0000000000	-0.0000000000	-0.0978330661	10.2000000000	0.0000001028	0.0000000184	0.0000000000	-0.0000000000	0.0000000000	
0.030000	0.0000006855	-0.0000001227	0.0017451129	0.0000000001	-0.0000000000	-0.0978330661	10.3000000000	0.0000001713	0.0000000310	0.0000000001	-0.0000000000	0.0000000000	
0.040000	0.0000006853	-0.0000001239	0.0017451129	0.0000000002	-0.0000000000	-0.0978330661	10.4000000000	0.0000002398	0.0000000438	0.0000000004	-0.0000000000	0.0000000000	
0.050000	0.0000006851	-0.0000001251	0.0017451129	0.0000000004	-0.0000000001	-0.0978330661	10.5000000000	0.0000003082	0.0000000568	0.0000000007	-0.0000000000	0.0000000000	
0.060000	0.0000006848	-0.0000001263	0.0017451129	0.0000000005	-0.0000000001	-0.0978330661	10.6000000000	0.0000003765	0.0000000701	0.0000000012	-0.0000000000	0.0000000000	
0.070000	0.0000006846	-0.0000001275	0.0017451129	0.0000000006	-0.0000000001	-0.0978330661	10.7000000000	0.0000004449	0.0000000836	0.0000000018	-0.0000000000	0.0000000000	
0.080000	0.0000006844	-0.0000001287	0.0017451129	0.0000000007	-0.0000000001	-0.0978330661	10.8000000000	0.0000005131	0.0000000974	0.0000000025	-0.0000000000	0.0000000000	
0.090000	0.0000006842	-0.0000001299	0.0017451129	0.0000000008	-0.0000000002	-0.0978330661	10.9000000000	0.0000005813	0.0000001114	0.0000000034	-0.0000000000	0.0000000000	
0.100000	0.0000006839	-0.0000001311	0.0017451129	0.0000000009	-0.0000000002	-0.0978330661	11.0000000000	0.0000006495	0.0000001256	0.0000000043	-0.0000000000	0.0000000000	
0.110000	0.0000006837	-0.0000001323	0.0017451129	0.0000000011	-0.0000000002	-0.0978330661	11.1000000000	0.0000007177	0.0000001401	0.0000000054	-0.0000000001	0.0000000000	
0.120000	0.0000006835	-0.0000001335	0.0017451129	0.0000000012	-0.0000000002	-0.0978330661	11.2000000000	0.0000007857	0.0000001548	0.0000000066	-0.0000000001	0.0000000000	
0.130000	0.0000006832	-0.0000001347	0.0017451129	0.0000000013	-0.0000000003	-0.0978330661	11.3000000000	0.0000008538	0.0000001698	0.0000000079	-0.0000000001	0.0000000000	
0.140000	0.0000006830	-0.0000001359	0.0017451129	0.0000000014	-0.0000000003	-0.0978330661	11.4000000000	0.0000009217	0.0000001850	0.0000000093	-0.0000000001	0.0000000000	
0.150000	0.0000006828	-0.0000001370	0.0017451129	0.0000000015	-0.0000000003	-0.0978330661	11.5000000000	0.0000009897	0.0000002004	0.0000000108	-0.0000000002	0.0000000000	
0.160000	0.0000006825	-0.0000001382	0.0017451129	0.0000000016	-0.0000000003	-0.0978330661	11.6000000000	0.0000010575	0.0000002161	0.0000000125	-0.0000000002	0.0000000000	
0.170000	0.0000006823	-0.0000001394	0.0017451129	0.0000000017	-0.0000000004	-0.0978330661	11.7000000000	0.0000011254	0.0000002320	0.0000000143	-0.0000000003	0.0000000000	
0.180000	0.0000006820	-0.0000001406	0.0017451129	0.0000000019	-0.0000000004	-0.0978330661	11.8000000000	0.0000011931	0.0000002481	0.0000000162	-0.0000000003	0.0000000000	
0.190000	0.0000006818	-0.0000001418	0.0017451129	0.0000000020	-0.0000000004	-0.0978330661	11.9000000000	0.0000012609	0.0000002645	0.0000000182	-0.0000000004	0.0000000000	
0.200000	0.0000006815	-0.0000001430	0.0017451129	0.0000000021	-0.0000000004	-0.0978330661	12.0000000000	0.0000013285	0.0000002811	0.0000000204	-0.0000000004	0.0000000000	
0.210000	0.0000006813	-0.0000001442	0.0017451129	0.0000000022	-0.0000000005	-0.0978330661	12.1000000000	0.0000013961	0.0000002979	0.0000000226	-0.0000000005	0.0000000000	
0.220000	0.0000006810	-0.0000001454	0.0017451129	0.0000000023	-0.0000000005	-0.0978330661	12.2000000000	0.0000014637	0.0000003150	0.0000000250	-0.0000000006	0.0000000000	
0.230000	0.0000006808	-0.0000001466	0.0017451129	0.0000000024	-0.0000000005	-0.0978330661	12.3000000000	0.0000015312	0.0000003324	0.0000000275	-0.0000000007	0.0000000000	
0.240000	0.0000006805	-0.0000001478	0.0017451129	0.0000000026	-0.0000000006	-0.0978330661	12.4000000000	0.0000015987	0.0000003499	0.0000000301	-0.0000000008	0.0000000000	
0.250000	0.0000006803	-0.0000001489	0.0017451129	0.0000000027	-0.0000000006	-0.0978330661	12.5000000000	0.0000016660	0.0000003677	0.0000000328	-0.0000000009	0.0000000000	
0.260000	0.0000006800	-0.0000001501	0.0017451129	0.0000000028	-0.0000000006	-0.0978330661	12.6000000000	0.0000017334	0.0000003857	0.0000000357	-0.0000000010	0.0000000000	
0.270000	0.0000006797	-0.0000001513	0.0017451129	0.0000000029	-0.0000000006	-0.0978330661	12.7000000000	0.0000018006	0.0000004040	0.0000000387	-0.0000000011	0.0000000000	
0.280000	0.0000006795	-0.0000001525	0.0017451129	0.0000000030	-0.0000000007	-0.0978330661	12.8000000000	0.0000018679	0.0000004225	0.0000000417	-0.0000000013	0.0000000000	
0.290000	0.0000006792	-0.0000001537	0.0017451129	0.0000000031	-0.0000000007	-0.0978330661	12.9000000000	0.0000019350	0.0000004413	0.0000000450	-0.0000000014	0.0000000000	
0.300000	0.0000006789	-0.0000001549	0.0017451129	0.0000000032	-0.0000000007	-0.0978330661	13.0000000000	0.0000020021	0.0000004602	0.0000000483	-0.0000000016	0.0000000000	
0.310000	0.0000006787	-0.0000001561	0.0017451129	0.0000000034	-0.0000000008	-0.0978330661	13.1000000000	0.0000020691	0.0000004795	0.0000000517	-0.0000000018	0.0000000000	
0.320000	0.0000006784	-0.0000001572	0.0017451129	0.0000000035	-0.0000000008	-0.0978330661	13.2000000000	0.0000021361	0.0000004989	0.0000000553	-0.0000000020	0.0000000000	
0.330000	0.0000006781	-0.0000001584	0.0017451129	0.0000000036	-0.0000000008	-0.0978330661	13.3000000000	0.0000022030	0.0000005186	0.0000000590	-0.0000000022	0.0000000000	
0.340000	0.0000006778	-0.0000001596	0.0017451129	0.0000000037	-0.0000000009	-0.0978330661	13.4000000000	0.0000022699	0.0000005385	0.0000000628	-0.0000000024	0.0000000000	
0.350000	0.0000006776	-0.0000001608	0.0017451129	0.0000000038	-0.0000000009	-0.0978330661	13.5000000000	0.0000023367	0.0000005587	0.0000000667	-0.0000000026	0.0000000000	
0.360000	0.0000006773	-0.0000001620	0.0017451129	0.0000000039	-0.0000000009	-0.0978330661	13.6000000000	0.0000024034	0.0000005790	0.0000000707	-0.0000000028	0.0000000000	
0.370000	0.0000006770	-0.0000001632	0.0017451129	0.0000000040	-0.0000000010	-0.0978330661	13.7000000000	0.0000024700	0.0000005997	0.0000000749	-0.0000000031	0.0000000000	
0.380000	0.0000006767	-0.0000001643	0.0017451129	0.0000000042	-0.0000000010	-0.0978330661	13.8000000000	0.0000025366	0.0000006205	0.0000000791	-0.0000000034	0.0000000000	
0.390000	0.0000006764	-0.0000001655	0.0017451129	0.0000000043	-0.0000000010	-0.0978330661	13.9000000000	0.0000026032	0.0000006416	0.0000000835	-0.0000000036	0.0000000000	
0.400000	0.0000006761	-0.0000001667	0.0017451129	0.0000000044	-0.0000000011	-0.0978330661	14.0000000000	0.0000026696	0.0000006629	0.0000000880	-0.0000000039	0.0000000000	
0.410000	0.0000006758	-0.0000001679	0.0017451129	0.0000000045	-0.0000000011	-0.0978330661	14.1000000000	0.0000027360	0.0000006845	0.0000000927	-0.0000000043	0.0000000000	
0.420000	0.0000006755	-0.0000001691	0.0017451129	0.0000000046	-0.0000000012	-0.0978330661	14.2000000000	0.0000028024	0.0000007063	0.0000000974	-0.0000000046	0.0000000000	
0.430000	0.0000006753	-0.0000001702	0.0017451129	0.0000000047	-0.0000000012	-0.0978330661	14.3000000000	0.0000028686	0.0000007283	0.0000001023	-0.0000000049	0.0000000000	
0.440000	0.0000006750	-0.0000001714	0.0017451129	0.0000000048	-0.0000000012	-0.0978330661	14.4000000000	0.0000029348	0.0000007506	0.0000001073	-0.0000000053	0.0000000000	
0.450000	0.0000006747	-0.0000001726	0.0017451129	0.0000000050	-0.0000000013	-0.0978330661	14.5000000000	0.0000030009	0.0000007731	0.0000001124	-0.0000000057	0.0000000000	
0.460000	0.0000006744	-0.0000001738	0.0017451129	0.0000000051	-0.0000000013	-0.0978330661	14.6000000000	0.0000030670	0.0000007958	0.0000001176	-0.0000000061	0.0000000000	
0.470000	0.0000006740	-0.0000001749	0.0017451129	0.0000000052	-0.0000000013	-0.0978330661	14.7000000000	0.0000031330	0.0000008188	0.0000001229	-0.0000000065	0.0000000000	
0.480000	0.0000006737	-0.0000001761	0.0017451129	0.0000000053	-0.0000000014	-0.0978330661	14.8000000000	0.0000031989	0.0000008420	0.0000001284	-0.0000000069	0.0000000000	
0.490000	0.0000006734	-0.0000001773	0.0017451129	0.0000000054	-0.0000000014	-0.0978330661	14.9000000000	0.0000032647	0.0000008654	0.0000001339	-0.0000000074	0.0000000000	
0.500000	0.0000006731	-0.0000001785	0.0017451129	0.0000000055	-0.0000000015	-0.0978330661	15.0000000000	0.0000033305	0.0000008890	0.0000001396	-0.0000000079	0.0000000000	
0.510000	0.0000006728	-0.0000001797	0.0017451129	0.0000000056	-0.0000000015	-0.0978330661	15.1000000000	0.0000033962	0.0000009129	0.0000001454	-0.0000000084	0.0000000000	
0.520000	0.0000006725	-0.0000001808	0.0017451129	0.0000000057	-0.0000000015	-0.0978330661	15.2000000000	0.0000034618	0.0000009370	0.0000001513	-0.0000000089	0.0000000000	
0.530000	0.0000006722	-0.0000001820	0.0017451129	0.0000000059	-0.0000000016	-0.0978330661	15.3000000000	0.0000035273	0.0000009614	0.0000001574	-0.0000000094	0.0000000000	
0.540000	0.0000006719	-0.0000001832	0.0017451129	0.0000000060	-0.0000000016	-0.0978330661	15.4000000000	0.0000035928	0.0000009860	0.0000001635	-0.0000000100	0.0000000000	
0.550000	0.0000006715	-0.0000001843	0.0017451129	0.0000000061	-0.0000000017	-0.0978330661	15.5000000000	0.0000036582	0.0000010108	0.0000001698	-0.0000000106	0.0000000000	
0.560000	0.0000006712	-0.0000001855	0.0017451129	0.0000000062	-0.0000000017	-0.0978330661	15.6000000000	0.0000037235	0.0000010358	0.0000001762	-0.0000000112	0.0000000000	
0.570000	0.0000006709	-0.0000001867	0.0017451129	0.0000000063	-0.0000000017	-0.0978330661	15.7000000000	0.0000037888	0.0000010611	0.0000001827	-0.0000000118	0.0000000000	
0.580000	0.0000006706	-0.0000001879	0.0017451129	0.0000000064	-0.0000000018	-0.0978330661	15.8000000000	0.0000038539	0.0000010866	0.0000001893	-0.0000000125	0.0000000000	
0.590000	0.0000006702	-0.0000001890	0.0017451129	0.0000000065	-0.0000000018	-0.0978330661	15.9000000000	0.0000039190	0.0000011124	0.0000001961	-0.0000000131	0.0000000000	
0.600000	0.0000006699	-0.0000001902	0.0017451129	0.0000000066	-0.0000000019	-0.0978330661	16.0000000000	0.0000039840	0.0000011383	0.0000002030	-0.0000000138	0.0000000000	
0.610000	0.0000006696	-0.0000001914	0.0017451129	0.0000000067	-0.0000000019	-0.0978330661	16.1000000000	0.0000040490	0.0000011645	0.0000002099	-0.0000000145	0.0000000000	
0.620000	0.0000006692	-0.0000001925	0.0017451129	0.0000000069	-0.0000000020	-0.0978330661	16.2000000000	0.0000041138	0.0000011910	0.0000002170	-0.0000000153	0.0000000000	
0.630000	0.0000006689	-0.0000001937	0.0017451129	0.0000000070	-0.0000000020	-0.0978330661	16.3000000000	0.0000041786	0.0000012176	0.0000002242	-0.0000000161	0.0000000000	
0.640000	0.0000006686	-0.0000001949	0.0017451129	0.0000000071	-0.0000000021	-0.0978330661	16.4000000000	0.0000042433	0.0000012445	0.0000002316	-0.0000000169	0.0000000000	
0.650000	0.0000006682	-0.0000001960	0.0017451129	0.0000000072	-0.0000000021	-0.0978330661	16.5000000000	0.0000043079	0.0000012716	0.0000002390	-0.0000000177	0.0000000000	
0.660000	0.0000006679	-0.0000001972	0.0017451129	0.0000000073	-0.0000000021	-0.0978330661	16.6000000000	0.0000043724	0.0000012990	0.0000002466	-0.0000000185	0.0000000000	
0.670000	0.0000006675	-0.0000001984	0.0017451129	0.0000000074	-0.0000000022	-0.0978330661	16.7000000000	0.0000044369	0.0000013266	0.0000002543	-0.0000000194	0.0000000000	
0.680000	0.0000006672	-0.0000001995	0.0017451129	0.0000000075	-0.0000000022	-0.0978330661	16.8000000000	0.0000045012	0.0000013544	0.0000002621	-0.0000000203	0.0000000000	
0.690000	0.0000006668	-0.0000002007	0.0017451129	0.0000000076	-0.0000000023	-0.0978330661	16.9000000000	0.0000045655	0.0000013824	0.0000002700	-0.0000000212	0.0000000000	
0.700000	0.0000006665	-0.0000002019	0.0017451129	0.0000000077	-0.0000000023	-0.0978330661	17.0000000000	0.0000046297	0.0000014107	0.0000002780	-0.0000000222	0.0000000000	
0.710000	0.0000006661	-0.0000002030	0.0017451129	0.0000000079	-0.0000000024	-0.0978330661	17.1000000000	0.0000046938	0.0000014392	0.0000002861	-0.0000000232	0.0000000000	
0.720000	0.0000006658	-0.0000002042	0.0017451129	0.0000000080	-0.0000000024	-0.0978330661	17.2000000000	0.0000047578	0.0000014679	0.0000002944	-0.0000000242	0.0000000000	
0.730000	0.0000006654	-0.0000002053	0.0017451129	0.0000000081	-0.0000000025	-0.0978330661	17.3000000000	0.0000048218	0.0000014968	0.0000003028	-0.0000000252	0.0000000000	
0.740000	0.0000006651	-0.0000002065	0.0017451129	0.0000000082	-0.0000000025	-0.0978330661	17.4000000000	0.0000048856	0.0000015260	0.0000003113	-0.0000000263	0.0000000000	
0.750000	0.0000006647	-0.0000002077	0.0017451129	0.0000000083	-0.0000000026	-0.0978330661	17.5000000000	0.0000049494	0.0000015554	0.0000003199	-0.0000000274	0.0000000000	
0.760000	0.0000006643	-0.0000002088	0.0017451129	0.0000000084	-0.0000000026	-0.0978330661	17.6000000000	0.0000050131	0.0000015850	0.0000003286	-0.0000000285	0.0000000000	
0.770000	0.0000006640	-0.0000002100	0.0017451129	0.0000000085	-0.0000000027	-0.0978330661	17.7000000000	0.0000050767	0.0000016149	0.0000003375	-0.0000000297	0.0000000000	
0.780000	0.0000006636	-0.0000002111	0.0017451129	0.0000000086	-0.0000000027	-0.0978330661	17.8000000000	0.0000051402	0.0000016450	0.0000003464	-0.0000000309	0.0000000000	
0.790000	0.0000006632	-0.0000002123	0.0017451129	0.0000000087	-0.0000000028	-0.0978330661	17.9000000000	0.0000052036	0.0000016753	0.0000003555	-0.0000000321	0.0000000000	
0.800000	0.0000006629	-0.0000002135	0.0017451129	0.0000000088	-0.0000000028	-0.0978330661	18.0000000000	0.0000052669	0.0000017058	0.0000003647	-0.0000000334	0.0000000000	
0.810000	0.0000006625	-0.0000002146	0.0017451129	0.0000000089	-0.0000000029	-0.0978330661	18.1000000000	0.0000053301	0.0000017366	0.0000003740	-0.0000000347	0.0000000000	
0.820000	0.0000006621	-0.0000002158	0.0017451129	0.0000000090	-0.0000000029	-0.0978330661	18.2000000000	0.0000053933	0.0000017676	0.0000003834	-0.0000000360	0.0000000000	
0.830000	0.0000006617	-0.0000002169	0.0017451129	0.0000000092	-0.0000000030	-0.0978330661	18.3000000000	0.0000054563	0.0000017988	0.0000003929	-0.0000000373	0.0000000000	
0.840000	0.0000006614	-0.0000002181	0.0017451129	0.0000000093	-0.0000000030	-0.0978330661	18.4000000000	0.0000055192	0.0000018302	0.0000004026	-0.0000000387	0.0000000000	
0.850000	0.0000006610	-0.0000002192	0.0017451129	0.0000000094	-0.0000000031	-0.0978330661	18.5000000000	0.0000055821	0.0000018619	0.0000004123	-0.0000000402	0.0000000000	
0.860000	0.0000006606	-0.0000002204	0.0017451129	0.0000000095	-0.0000000032	-0.0978330661	18.6000000000	0.0000056449	0.0000018938	0.0000004222	-0.0000000416	0.0000000000	
0.870000	0.0000006602	-0.0000002215	0.0017451129	0.0000000096	-0.0000000032	-0.0978330661	18.7000000000	0.0000057075	0.0000019259	0.0000004322	-0.0000000431	0.0000000000	
0.880000	0.0000006598	-0.0000002227	0.0017451129	0.0000000097	-0.0000000033	-0.0978330661	18.8000000000	0.0000057701	0.0000019582	0.0000004423	-0.0000000446	0.0000000000	
0.890000	0.0000006594	-0.0000002238	0.0017451129	0.0000000098	-0.0000000033	-0.0978330661	18.9000000000	0.0000058326	0.0000019908	0.0000004526	-0.0000000462	0.0000000000	
0.900000	0.0000006590	-0.0000002250	0.0017451129	0.0000000099	-0.0000000034	-0.0978330661	19.0000000000	0.0000058950	0.0000020236	0.0000004629	-0.0000000478	0.0000000000	
0.910000	0.0000006586	-0.0000002261	0.0017451129	0.0000000100	-0.0000000034	-0.0978330661	19.1000000000	0.0000059573	0.0000020566	0.0000004734	-0.0000000494	0.0000000000	
0.920000	0.0000006582	-0.0000002273	0.0017451129	0.0000000101	-0.0000000035	-0.0978330661	19.2000000000	0.0000060194	0.0000020898	0.0000004839	-0.0000000511	0.0000000000	
0.930000	0.0000006578	-0.0000002284	0.0017451129	0.0000000102	-0.0000000035	-0.0978330661	19.3000000000	0.0000060815	0.0000021233	0.0000004946	-0.0000000528	0.0000000000	
0.940000	0.0000006574	-0.0000002296	0.0017451129	0.0000000103	-0.0000000036	-0.0978330661	19.4000000000	0.0000061435	0.0000021570	0.0000005054	-0.0000000546	0.0000000000	
0.950000	0.0000006570	-0.0000002307	0.0017451129	0.0000000104	-0.0000000037	-0.0978330661	19.5000000000	0.0000062054	0.0000021909	0.0000005163	-0.0000000564	0.0000000000	
0.960000	0.0000006566	-0.0000002319	0.0017451129	0.0000000105	-0.0000000037	-0.0978330661	19.6000000000	0.0000062672	0.0000022250	0.0000005274	-0.0000000582	0.0000000000	
0.970000	0.0000006562	-0.0000002330	0.0017451129	0.0000000106	-0.0000000038	-0.0978330661	19.7000000000	0.0000063289	0.0000022593	0.0000005385	-0.0000000600	0.0000000000	
0.980000	0.0000006558	-0.0000002342	0.0017451129	0.0000000108	-0.0000000038	-0.0978330661	19.8000000000	0.0000063905	0.0000022939	0.0000005498	-0.0000000619	0.0000000000	
0.990000	0.0000006554	-0.0000002353	0.0017451129	0.0000000109	-0.0000000039	-0.0978330661	19.9000000000	0.0000064520	0.0000023287	0.0000005611	-0.0000000639	0.0000000000	
1.000000	0.0000006550	-0.0000002365	0.0017451129	0.0000000110	-0.0000000039	-0.0978330661	20.0000000000	0.0000065134	0.0000023637	0.0000005726	-0.0000000659	0.0000000000	
1.010000	0.0000006546	-0.0000002376	0.0017451129	0.0000000111	-0.0000000040	-0.0978330661	20.1000000000	0.0000065747	0.0000023989	0.0000005842	-0.0000000679	0.0000000000	
1.020000	0.0000006542	-0.0000002387	0.0017451129	0.0000000112	-0.0000000041	-0.0978330661	20.2000000000	0.0000066358	0.0000024344	0.0000005959	-0.0000000700	0.0000000000	
1.030000	0.0000006538	-0.0000002399	0.0017451129	0.0000000113	-0.0000000041	-0.0978330661	20.3000000000	0.0000066969	0.0000024701	0.0000006077	-0.0000000721	0.0000000000	
1.040000	0.0000006533	-0.0000002410	0.0017451129	0.0000000114	-0.0000000042	-0.0978330661	20.4000000000	0.0000067579	0.0000025060	0.0000006197	-0.0000000742	0.0000000000	
1.050000	0.0000006529	-0.0000002422	0.0017451129	0.0000000115	-0.0000000042	-0.0978330661	20.5000000000	0.0000068188	0.0000025421	0.0000006317	-0.0000000764	0.0000000000	
1.060000	0.0000006525	-0.0000002433	0.0017451129	0.0000000116	-0.0000000043	-0.0978330661	20.6000000000	0.0000068795	0.0000025784	0.0000006439	-0.0000000786	0.0000000000	
1.070000	0.0000006521	-0.0000002444	0.0017451129	0.0000000117	-0.0000000044	-0.0978330661	20.7000000000	0.0000069402	0.0000026150	0.0000006562	-0.0000000809	0.0000000000	
1.080000	0.0000006516	-0.0000002456	0.0017451129	0.0000000118	-0.0000000044	-0.0978330661	20.8000000000	0.0000070007	0.0000026518	0.0000006686	-0.0000000832	0.0000000000	
1.090000	0.0000006512	-0.0000002467	0.0017451129	0.0000000119	-0.0000000045	-0.0978330661	20.9000000000	0.0000070612	0.0000026888	0.0000006811	-0.0000000856	0.0000000000	
1.100000	0.0000006508	-0.0000002479	0.0017451129	0.0000000120	-0.0000000046	-0.0978330661	21.0000000000	0.0000071215	0.0000027260	0.0000006937	-0.0000000880	0.0000000000	
1.110000	0.0000006503	-0.0000002490	0.0017451129	0.0000000121	-0.0000000046	-0.0978330661	21.1000000000	0.0000071817	0.0000027634	0.0000007064	-0.0000000904	0.0000000000	
1.120000	0.0000006499	-0.0000002501	0.0017451129	0.0000000122	-0.0000000047	-0.0978330661	21.2000000000	0.0000072418	0.0000028011	0.0000007192	-0.0000000929	0.0000000000	
1.130000	0.0000006495	-0.0000002513	0.0017451129	0.0000000123	-0.0000000048	-0.0978330661	21.3000000000	0.0000073018	0.0000028389	0.0000007322	-0.0000000955	0.0000000000	
1.140000	0.0000006490	-0.0000002524	0.0017451129	0.0000000124	-0.0000000048	-0.0978330661	21.4000000000	0.0000073617	0.0000028770	0.0000007453	-0.0000000981	0.0000000000	
1.150000	0.0000006486	-0.0000002535	0.0017451129	0.0000000125	-0.0000000049	-0.0978330661	21.5000000000	0.0000074215	0.0000029153	0.0000007584	-0.0000001007	0.0000000000	
1.160000	0.0000006481	-0.0000002547	0.0017451129	0.0000000126	-0.0000000049	-0.0978330661	21.6000000000	0.0000074812	0.0000029538	0.0000007717	-0.0000001034	0.0000000000	
1.170000	0.0000006477	-0.0000002558	0.0017451129	0.0000000127	-0.0000000050	-0.0978330661	21.7000000000	0.0000075407	0.0000029926	0.0000007851	-0.0000001061	0.0000000000	
1.180000	0.0000006473	-0.0000002569	0.0017451129	0.0000000128	-0.0000000051	-0.0978330661	21.8000000000	0.0000076002	0.0000030315	0.0000007986	-0.0000001089	0.0000000000	
1.190000	0.0000006468	-0.0000002580	0.0017451129	0.0000000129	-0.0000000051	-0.0978330661	21.9000000000	0.0000076595	0.0000030707	0.0000008123	-0.0000001117	0.0000000000	
1.200000	0.0000006464	-0.0000002592	0.0017451129	0.0000000130	-0.0000000052	-0.0978330661	22.0000000000	0.0000077188	0.0000031101	0.0000008260	-0.0000001146	0.0000000000	
1.210000	0.0000006459	-0.0000002603	0.0017451129	0.0000000131	-0.0000000053	-0.0978330661	22.1000000000	0.0000077779	0.0000031497	0.0000008398	-0.0000001175	0.0000000000	
1.220000	0.0000006454	-0.0000002614	0.0017451129	0.0000000132	-0.0000000053	-0.0978330661	22.2000000000	0.0000078369	0.0000031895	0.0000008538	-0.0000001204	0.0000000000	
1.230000	0.0000006450	-0.0000002626	0.0017451129	0.0000000133	-0.0000000054	-0.0978330661	22.3000000000	0.0000078957	0.0000032296	0.0000008679	-0.0000001234	0.0000000000	
1.240000	0.0000006445	-0.0000002637	0.0017451129	0.0000000134	-0.0000000055	-0.0978330661	22.4000000000	0.0000079545	0.0000032698	0.0000008820	-0.0000001265	0.0000000000	
1.250000	0.0000006441	-0.0000002648	0.0017451129	0.0000000135	-0.0000000055	-0.0978330661	22.5000000000	0.0000080131	0.0000033103	0.0000008963	-0.0000001296	0.0000000000	
1.260000	0.0000006436	-0.0000002659	0.0017451129	0.0000000136	-0.0000000056	-0.0978330661	22.6000000000	0.0000080717	0.0000033510	0.0000009107	-0.0000001328	0.0000000000	
1.270000	0.0000006431	-0.0000002671	0.0017451129	0.0000000137	-0.0000000057	-0.0978330661	22.7000000000	0.0000081301	0.0000033919	0.0000009252	-0.0000001360	0.0000000000	
1.280000	0.0000006427	-0.0000002682	0.0017451129	0.0000000138	-0.0000000058	-0.0978330661	22.8000000000	0.0000081884	0.0000034330	0.0000009399	-0.0000001393	0.0000000000	
1.290000	0.0000006422	-0.0000002693	0.0017451129	0.0000000139	-0.0000000058	-0.0978330661	22.9000000000	0.0000082465	0.0000034743	0.0000009546	-0.0000001426	0.0000000000	
1.300000	0.0000006417	-0.0000002704	0.0017451129	0.0000000140	-0.0000000059	-0.0978330661	23.0000000000	0.0000083046	0.0000035158	0.0000009694	-0.0000001460	0.0000000000	
1.310000	0.0000006413	-0.0000002715	0.0017451129	0.0000000141	-0.0000000060	-0.0978330661	23.1000000000	0.0000083625	0.0000035576	0.0000009844	-0.0000001494	0.0000000000	
1.320000	0.0000006408	-0.0000002727	0.0017451129	0.0000000142	-0.0000000060	-0.0978330661	23.2000000000	0.0000084203	0.0000035995	0.0000009995	-0.0000001529	0.0000000000	
1.330000	0.0000006403	-0.0000002738	0.0017451129	0.0000000143	-0.0000000061	-0.0978330661	23.3000000000	0.0000084780	0.0000036417	0.0000010146	-0.0000001564	0.0000000000	
1.340000	0.0000006398	-0.0000002749	0.0017451129	0.0000000144	-0.0000000062	-0.0978330661	23.4000000000	0.0000085356	0.0000036841	0.0000010299	-0.0000001600	0.0000000000	
1.350000	0.0000006393	-0.0000002760	0.0017451129	0.0000000145	-0.0000000063	-0.0978330661	23.5000000000	0.0000085930	0.0000037267	0.0000010453	-0.0000001636	0.0000000000	
1.360000	0.0000006389	-0.0000002771	0.0017451129	0.0000000146	-0.0000000063	-0.0978330661	23.6000000000	0.0000086503	0.0000037695	0.0000010608	-0.0000001673	0.0000000000	
1.370000	0.0000006384	-0.0000002782	0.0017451129	0.0000000147	-0.0000000064	-0.0978330661	23.7000000000	0.0000087075	0.0000038125	0.0000010764	-0.0000001710	0.0000000000	
1.380000	0.0000006379	-0.0000002794	0.0017451129	0.0000000148	-0.0000000065	-0.0978330661	23.8000000000	0.0000087646	0.0000038558	0.0000010921	-0.0000001748	0.0000000000	
1.390000	0.0000006374	-0.0000002805	0.0017451129	0.0000000149	-0.0000000065	-0.0978330661	23.9000000000	0.0000088216	0.0000038992	0.0000011079	-0.0000001787	0.0000000000	
1.400000	0.0000006369	-0.0000002816	0.0017451129	0.0000000150	-0.0000000066	-0.0978330661	24.0000000000	0.0000088784	0.0000039429	0.0000011239	-0.0000001826	0.0000000000	
1.410000	0.0000006364	-0.0000002827	0.0017451129	0.0000000151	-0.0000000067	-0.0978330661	24.1000000000	0.0000089351	0.0000039867	0.0000011399	-0.0000001866	0.0000000000	
1.420000	0.0000006359	-0.0000002838	0.0017451129	0.0000000152	-0.0000000068	-0.0978330661	24.2000000000	0.0000089917	0.0000040308	0.0000011561	-0.0000001906	0.0000000000	
1.430000	0.0000006354	-0.0000002849	0.0017451129	0.0000000153	-0.0000000068	-0.0978330661	24.3000000000	0.0000090481	0.0000040751	0.0000011723	-0.0000001947	0.0000000000	
1.440000	0.0000006349	-0.0000002860	0.0017451129	0.0000000154	-0.0000000069	-0.0978330661	24.4000000000	0.0000091044	0.0000041196	0.0000011887	-0.0000001988	0.0000000000	
1.450000	0.0000006344	-0.0000002871	0.0017451129	0.0000000155	-0.0000000070	-0.0978330661	24.5000000000	0.0000091606	0.0000041643	0.0000012052	-0.0000002030	0.0000000000	
1.460000	0.0000006339	-0.0000002882	0.0017451129	0.0000000156	-0.0000000071	-0.0978330661	24.6000000000	0.0000092167	0.0000042092	0.0000012218	-0.0000002073	0.0000000000	
1.470000	0.0000006334	-0.0000002893	0.0017451129	0.0000000157	-0.0000000071	-0.0978330661	24.7000000000	0.0000092726	0.0000042543	0.0000012385	-0.0000002116	0.0000000000	
1.480000	0.0000006329	-0.0000002904	0.0017451129	0.0000000158	-0.0000000072	-0.0978330661	24.8000000000	0.0000093284	0.0000042997	0.0000012553	-0.0000002160	0.0000000000	
1.490000	0.0000006324	-0.0000002915	0.0017451129	0.0000000159	-0.0000000073	-0.0978330661	24.9000000000	0.0000093841	0.0000043452	0.0000012722	-0.0000002204	0.0000000000	
1.500000	0.0000006319	-0.0000002927	0.0017451129	0.0000000160	-0.0000000074	-0.0978330661	25.0000000000	0.0000094396	0.0000043909	0.0000012892	-0.0000002249	0.0000000000	
1.510000	0.0000006314	-0.0000002938	0.0017451129	0.0000000161	-0.0000000075	-0.0978330661	25.1000000000	0.0000094951	0.0000044369	0.0000013063	-0.0000002295	0.0000000000	
1.520000	0.0000006309	-0.0000002949	0.0017451129	0.0000000162	-0.0000000075	-0.0978330661	25.2000000000	0.0000095503	0.0000044830	0.0000013235	-0.0000002341	0.0000000000	
1.530000	0.0000006304	-0.0000002960	0.0017451129	0.0000000163	-0.0000000076	-0.0978330661	25.3000000000	0.0000096055	0.0000045294	0.0000013409	-0.0000002387	0.0000000000	
1.540000	0.0000006298	-0.0000002971	0.0017451129	0.0000000164	-0.0000000077	-0.0978330661	25.4000000000	0.0000096605	0.0000045760	0.0000013583	-0.0000002435	0.0000000000	
1.550000	0.0000006293	-0.0000002982	0.0017451129	0.0000000164	-0.0000000078	-0.0978330661	25.5000000000	0.0000097154	0.0000046227	0.0000013759	-0.0000002483	0.0000000000	
1.560000	0.0000006288	-0.0000002993	0.0017451129	0.0000000165	-0.0000000079	-0.0978330661	25.6000000000	0.0000097701	0.0000046697	0.0000013935	-0.0000002531	0.0000000000	
1.570000	0.0000006283	-0.0000003003	0.0017451129	0.0000000166	-0.0000000079	-0.0978330661	25.7000000000	0.0000098247	0.0000047169	0.0000014113	-0.0000002581	0.0000000000	
1.580000	0.0000006278	-0.0000003014	0.0017451129	0.0000000167	-0.0000000080	-0.0978330661	25.8000000000	0.0000098792	0.0000047643	0.0000014292	-0.0000002631	0.0000000000	
1.590000	0.0000006272	-0.0000003025	0.0017451129	0.0000000168	-0.0000000081	-0.0978330661	25.9000000000	0.0000099336	0.0000048119	0.0000014471	-0.0000002681	0.0000000000	
1.600000	0.0000006267	-0.0000003036	0.0017451129	0.0000000169	-0.0000000082	-0.0978330661	26.0000000000	0.0000099878	0.0000048597	0.0000014652	-0.0000002732	0.0000000000	
1.610000	0.0000006262	-0.0000003047	0.0017451129	0.0000000170	-0.0000000083	-0.0978330661	26.1000000000	0.0000100418	0.0000049077	0.0000014834	-0.0000002784	0.0000000000	
1.620000	0.0000006256	-0.0000003058	0.0017451129	0.0000000171	-0.0000000083	-0.0978330661	26.2000000000	0.0000100958	0.0000049559	0.0000015017	-0.0000002836	0.0000000000	
1.630000	0.0000006251	-0.0000003069	0.0017451129	0.0000000172	-0.0000000084	-0.0978330661	26.3000000000	0.0000101496	0.0000050043	0.0000015201	-0.0000002889	0.0000000000	
1.640000	0.0000006246	-0.0000003080	0.0017451129	0.0000000173	-0.0000000085	-0.0978330661	26.4000000000	0.0000102032	0.0000050529	0.0000015386	-0.0000002943	0.0000000000	
1.650000	0.0000006240	-0.0000003091	0.0017451129	0.0000000174	-0.0000000086	-0.0978330661	26.5000000000	0.0000102567	0.0000051017	0.0000015572	-0.0000002998	0.0000000000	
1.660000	0.0000006235	-0.0000003102	0.0017451129	0.0000000175	-0.0000000087	-0.0978330661	26.6000000000	0.0000103101	0.0000051507	0.0000015759	-0.0000003053	0.0000000000	
1.670000	0.0000006229	-0.0000003113	0.0017451129	0.0000000176	-0.0000000088	-0.0978330661	26.7000000000	0.0000103634	0.0000052000	0.0000015947	-0.0000003108	0.0000000000	
1.680000	0.0000006224	-0.0000003124	0.0017451129	0.0000000177	-0.0000000088	-0.0978330661	26.8000000000	0.0000104164	0.0000052494	0.0000016136	-0.0000003165	0.0000000000	
1.690000	0.0000006219	-0.0000003134	0.0017451129	0.0000000177	-0.0000000089	-0.0978330661	26.9000000000	0.0000104694	0.0000052990	0.0000016326	-0.0000003222	0.0000000000	
1.700000	0.0000006213	-0.0000003145	0.0017451129	0.0000000178	-0.0000000090	-0.0978330661	27.0000000000	0.0000105222	0.0000053488	0.0000016518	-0.0000003279	0.0000000000	
1.710000	0.0000006208	-0.0000003156	0.0017451129	0.0000000179	-0.0000000091	-0.0978330661	27.1000000000	0.0000105749	0.0000053988	0.0000016710	-0.0000003338	0.0000000000	
1.720000	0.0000006202	-0.0000003167	0.0017451129	0.0000000180	-0.0000000092	-0.0978330661	27.2000000000	0.0000106274	0.0000054491	0.0000016903	-0.0000003397	0.0000000000	
1.730000	0.0000006197	-0.0000003178	0.0017451129	0.0000000181	-0.0000000093	-0.0978330661	27.3000000000	0.0000106798	0.0000054995	0.0000017097	-0.0000003457	0.0000000000	
1.740000	0.0000006191	-0.0000003189	0.0017451129	0.0000000182	-0.0000000093	-0.0978330661	27.4000000000	0.0000107320	0.0000055501	0.0000017293	-0.0000003517	0.0000000000	
1.750000	0.0000006185	-0.0000003199	0.0017451129	0.0000000183	-0.0000000094	-0.0978330661	27.5000000000	0.0000107841	0.0000056009	0.0000017489	-0.0000003578	0.0000000000	
1.760000	0.0000006180	-0.0000003210	0.0017451129	0.0000000184	-0.0000000095	-0.0978330661	27.6000000000	0.0000108361	0.0000056519	0.0000017687	-0.0000003640	0.0000000000	
1.770000	0.0000006174	-0.0000003221	0.0017451129	0.0000000185	-0.0000000096	-0.0978330661	27.7000000000	0.0000108879	0.0000057032	0.0000017885	-0.0000003703	0.0000000000	
1.780000	0.0000006169	-0.0000003232	0.0017451129	0.0000000185	-0.0000000097	-0.0978330661	27.8000000000	0.0000109396	0.0000057546	0.0000018085	-0.0000003766	0.0000000000	
1.790000	0.0000006163	-0.0000003242	0.0017451129	0.0000000186	-0.0000000098	-0.0978330661	27.9000000000	0.0000109911	0.0000058062	0.0000018285	-0.0000003830	0.0000000000	
1.800000	0.0000006157	-0.0000003253	0.0017451129	0.0000000187	-0.0000000099	-0.0978330661	28.0000000000	0.0000110424	0.0000058580	0.0000018487	-0.0000003895	0.0000000000	
1.810000	0.0000006152	-0.0000003264	0.0017451129	0.0000000188	-0.0000000100	-0.0978330661	28.1000000000	0.0000110937	0.0000059100	0.0000018689	-0.0000003960	0.0000000000	
1.820000	0.0000006146	-0.0000003275	0.0017451129	0.0000000189	-0.0000000100	-0.0978330661	28.2000000000	0.0000111447	0.0000059622	0.0000018893	-0.0000004026	0.0000000000	
1.830000	0.0000006140	-0.0000003285	0.0017451129	0.0000000190	-0.0000000101	-0.0978330661	28.3000000000	0.0000111957	0.0000060146	0.0000019097	-0.0000004093	0.0000000000	
1.840000	0.0000006134	-0.0000003296	0.0017451129	0.0000000191	-0.0000000102	-0.0978330661	28.4000000000	0.0000112464	0.0000060672	0.0000019303	-0.0000004161	0.0000000000	
1.850000	0.0000006129	-0.0000003307	0.0017451129	0.0000000192	-0.0000000103	-0.0978330661	28.5000000000	0.0000112971	0.0000061200	0.0000019510	-0.0000004229	0.0000000000	
1.860000	0.0000006123	-0.0000003318	0.0017451129	0.0000000192	-0.0000000104	-0.0978330661	28.6000000000	0.0000113475	0.0000061730	0.0000019717	-0.0000004298	0.0000000000	
1.870000	0.0000006117	-0.0000003328	0.0017451129	0.0000000193	-0.0000000105	-0.0978330661	28.7000000000	0.0000113979	0.0000062262	0.0000019926	-0.0000004368	0.0000000000	
1.880000	0.0000006111	-0.0000003339	0.0017451129	0.0000000194	-0.0000000106	-0.0978330661	28.8000000000	0.0000114480	0.0000062795	0.0000020135	-0.0000004438	0.0000000000	
1.890000	0.0000006105	-0.0000003350	0.0017451129	0.0000000195	-0.0000000107	-0.0978330661	28.9000000000	0.0000114980	0.0000063331	0.0000020346	-0.0000004509	0.0000000000	
1.900000	0.0000006100	-0.0000003360	0.0017451129	0.0000000196	-0.0000000108	-0.0978330661	29.0000000000	0.0000115479	0.0000063869	0.0000020558	-0.0000004581	0.0000000000	
1.910000	0.0000006094	-0.0000003371	0.0017451129	0.0000000197	-0.0000000109	-0.0978330661	29.1000000000	0.0000115976	0.0000064408	0.0000020770	-0.0000004654	0.0000000000	
1.920000	0.0000006088	-0.0000003381	0.0017451129	0.0000000198	-0.0000000110	-0.0978330661	29.2000000000	0.0000116472	0.0000064950	0.0000020984	-0.0000004728	0.0000000000	
1.930000	0.0000006082	-0.0000003392	0.0017451129	0.0000000198	-0.0000000110	-0.0978330661	29.3000000000	0.0000116966	0.0000065493	0.0000021199	-0.0000004802	0.0000000000	
1.940000	0.0000006076	-0.0000003403	0.0017451129	0.0000000199	-0.0000000111	-0.0978330661	29.4000000000	0.0000117459	0.0000066038	0.0000021414	-0.0000004877	0.0000000000	
1.950000	0.0000006070	-0.0000003413	0.0017451129	0.0000000200	-0.0000000112	-0.0978330661	29.5000000000	0.0000117950	0.0000066586	0.0000021631	-0.0000004953	0.0000000000	
1.960000	0.0000006064	-0.0000003424	0.0017451129	0.0000000201	-0.0000000113	-0.0978330661	29.6000000000	0.0000118439	0.0000067135	0.0000021848	-0.0000005030	0.0000000000	
1.970000	0.0000006058	-0.0000003434	0.0017451129	0.0000000202	-0.0000000114	-0.0978330661	29.7000000000	0.0000118927	0.0000067686	0.0000022067	-0.0000005107	0.0000000000	
1.980000	0.0000006052	-0.0000003445	0.0017451129	0.0000000203	-0.0000000115	-0.0978330661	29.8000000000	0.0000119413	0.0000068239	0.0000022287	-0.0000005185	0.0000000000	
1.990000	0.0000006046	-0.0000003456	0.0017451129	0.0000000203	-0.0000000116	-0.0978330661	29.9000000000	0.0000119898	0.0000068794	0.0000022507	-0.0000005264	0.0000000000	
2.000000	0.0000006040	-0.0000003466	0.0017451129	0.0000000204	-0.0000000117	-0.0978330661	30.0000000000	0.0000120381	0.0000069350	0.0000022729	-0.0000005344	0.0000000000	
2.010000	0.0000006034	-0.0000003477	0.0017451129	0.0000000205	-0.0000000118	-0.0978330661	30.1000000000	0.0000120863	0.0000069909	0.0000022951	-0.0000005424	0.0000000000	
2.020000	0.0000006028	-0.0000003487	0.0017451129	0.0000000206	-0.0000000119	-0.0978330661	30.2000000000	0.0000121343	0.0000070470	0.0000023175	-0.0000005506	0.0000000000	
2.030000	0.0000006022	-0.0000003498	0.0017451129	0.0000000207	-0.0000000120	-0.0978330661	30.3000000000	0.0000121821	0.0000071032	0.0000023399	-0.0000005588	0.0000000000	
2.040000	0.0000006016	-0.0000003508	0.0017451129	0.0000000208	-0.0000000121	-0.0978330661	30.4000000000	0.0000122298	0.0000071597	0.0000023624	-0.0000005671	0.0000000000	
2.050000	0.0000006009	-0.0000003519	0.0017451129	0.0000000208	-0.0000000122	-0.0978330661	30.5000000000	0.0000122773	0.0000072163	0.0000023851	-0.0000005754	0.0000000000	
2.060000	0.0000006003	-0.0000003529	0.0017451129	0.0000000209	-0.0000000123	-0.0978330661	30.6000000000	0.0000123247	0.0000072731	0.0000024078	-0.0000005839	0.0000000000	
2.070000	0.0000005997	-0.0000003540	0.0017451129	0.0000000210	-0.0000000124	-0.0978330661	30.7000000000	0.0000123719	0.0000073301	0.0000024307	-0.0000005924	0.0000000000	
2.080000	0.0000005991	-0.0000003550	0.0017451129	0.0000000211	-0.0000000125	-0.0978330661	30.8000000000	0.0000124189	0.0000073873	0.0000024536	-0.0000006010	0.0000000000	
2.090000	0.0000005985	-0.0000003561	0.0017451129	0.0000000212	-0.0000000126	-0.0978330661	30.9000000000	0.0000124658	0.0000074446	0.0000024766	-0.0000006097	0.0000000000	
2.100000	0.0000005979	-0.0000003571	0.0017451129	0.0000000212	-0.0000000127	-0.0978330661	31.0000000000	0.0000125125	0.0000075022	0.0000024997	-0.0000006185	0.0000000000	
2.110000	0.0000005972	-0.0000003581	0.0017451129	0.0000000213	-0.0000000128	-0.0978330661	31.1000000000	0.0000125590	0.0000075599	0.0000025230	-0.0000006274	0.0000000000	
2.120000	0.0000005966	-0.0000003592	0.0017451129	0.0000000214	-0.0000000129	-0.0978330661	31.2000000000	0.0000126054	0.0000076179	0.0000025463	-0.0000006363	0.0000000000	
2.130000	0.0000005960	-0.0000003602	0.0017451129	0.0000000215	-0.0000000130	-0.0978330661	31.3000000000	0.0000126517	0.0000076760	0.0000025697	-0.0000006453	0.0000000000	
2.140000	0.0000005953	-0.0000003613	0.0017451129	0.0000000216	-0.0000000131	-0.0978330661	31.4000000000	0.0000126977	0.0000077343	0.0000025932	-0.0000006545	0.0000000000	
2.150000	0.0000005947	-0.0000003623	0.0017451129	0.0000000216	-0.0000000132	-0.0978330661	31.5000000000	0.0000127436	0.0000077927	0.0000026168	-0.0000006637	0.0000000000	
2.160000	0.0000005941	-0.0000003633	0.0017451129	0.0000000217	-0.0000000133	-0.0978330661	31.6000000000	0.0000127893	0.0000078514	0.0000026405	-0.0000006729	0.0000000001	
2.170000	0.0000005934	-0.0000003644	0.0017451129	0.0000000218	-0.0000000134	-0.0978330661	31.7000000000	0.0000128349	0.0000079102	0.0000026643	-0.0000006823	0.0000000001	
2.180000	0.0000005928	-0.0000003654	0.0017451129	0.0000000219	-0.0000000135	-0.0978330661	31.8000000000	0.0000128803	0.0000079693	0.0000026881	-0.0000006918	0.0000000001	
2.190000	0.0000005922	-0.0000003664	0.0017451129	0.0000000220	-0.0000000136	-0.0978330661	31.9000000000	0.0000129255	0.0000080285	0.0000027121	-0.0000007013	0.0000000001	
2.200000	0.0000005915	-0.0000003675	0.0017451129	0.0000000220	-0.0000000137	-0.0978330661	32.0000000000	0.0000129706	0.0000080879	0.0000027362	-0.0000007109	0.0000000001	
2.210000	0.0000005909	-0.0000003685	0.0017451129	0.0000000221	-0.0000000138	-0.0978330661	32.1000000000	0.0000130155	0.0000081475	0.0000027603	-0.0000007206	0.0000000001	
2.220000	0.0000005902	-0.0000003695	0.0017451129	0.0000000222	-0.0000000139	-0.0978330661	32.2000000000	0.0000130602	0.0000082072	0.0000027846	-0.0000007304	0.0000000001	
2.230000	0.0000005896	-0.0000003706	0.0017451129	0.0000000223	-0.0000000140	-0.0978330661	32.3000000000	0.0000131047	0.0000082672	0.0000028089	-0.0000007403	0.0000000001	
2.240000	0.0000005890	-0.0000003716	0.0017451129	0.0000000223	-0.0000000141	-0.0978330661	32.4000000000	0.0000131491	0.0000083273	0.0000028334	-0.0000007503	0.0000000001	
2.250000	0.0000005883	-0.0000003726	0.0017451129	0.0000000224	-0.0000000142	-0.0978330661	32.5000000000	0.0000131933	0.0000083876	0.0000028579	-0.0000007603	0.0000000001	
2.260000	0.0000005876	-0.0000003737	0.0017451129	0.0000000225	-0.0000000143	-0.0978330661	32.6000000000	0.0000132374	0.0000084480	0.0000028826	-0.0000007705	0.0000000001	
2.270000	0.0000005870	-0.0000003747	0.0017451129	0.0000000226	-0.0000000144	-0.0978330661	32.7000000000	0.0000132813	0.0000085087	0.0000029073	-0.0000007807	0.0000000001	
2.280000	0.0000005863	-0.0000003757	0.0017451129	0.0000000226	-0.0000000145	-0.0978330661	32.8000000000	0.0000133250	0.0000085695	0.0000029321	-0.0000007910	0.0000000001	
2.290000	0.0000005857	-0.0000003767	0.0017451129	0.0000000227	-0.0000000146	-0.0978330661	32.9000000000	0.0000133685	0.0000086306	0.0000029570	-0.0000008015	0.0000000001	
2.300000	0.0000005850	-0.0000003777	0.0017451129	0.0000000228	-0.0000000147	-0.0978330661	33.0000000000	0.0000134118	0.0000086917	0.0000029820	-0.0000008120	0.0000000001	
2.310000	0.0000005844	-0.0000003788	0.0017451129	0.0000000229	-0.0000000148	-0.0978330661	33.1000000000	0.0000134550	0.0000087531	0.0000030071	-0.0000008226	0.0000000001	
2.320000	0.0000005837	-0.0000003798	0.0017451129	0.0000000229	-0.0000000149	-0.0978330661	33.2000000000	0.0000134980	0.0000088147	0.0000030322	-0.0000008332	0.0000000001	
2.330000	0.0000005830	-0.0000003808	0.0017451129	0.0000000230	-0.0000000150	-0.0978330661	33.3000000000	0.0000135409	0.0000088764	0.0000030575	-0.0000008440	0.0000000001	
2.340000	0.0000005824	-0.0000003818	0.0017451129	0.0000000231	-0.0000000151	-0.0978330661	33.4000000000	0.0000135835	0.0000089383	0.0000030829	-0.0000008549	0.0000000001	
2.350000	0.0000005817	-0.0000003828	0.0017451129	0.0000000232	-0.0000000152	-0.0978330661	33.5000000000	0.0000136260	0.0000090004	0.0000031083	-0.0000008658	0.0000000001	
2.360000	0.0000005810	-0.0000003839	0.0017451129	0.0000000232	-0.0000000153	-0.0978330661	33.6000000000	0.0000136683	0.0000090626	0.0000031338	-0.0000008769	0.0000000001	
2.370000	0.0000005804	-0.0000003849	0.0017451129	0.0000000233	-0.0000000154	-0.0978330661	33.7000000000	0.0000137105	0.0000091250	0.0000031595	-0.0000008880	0.0000000001	
2.380000	0.0000005797	-0.0000003859	0.0017451129	0.0000000234	-0.0000000155	-0.0978330661	33.8000000000	0.0000137524	0.0000091876	0.0000031852	-0.0000008993	0.0000000001	
2.390000	0.0000005790	-0.0000003869	0.0017451129	0.0000000234	-0.0000000156	-0.0978330661	33.9000000000	0.0000137942	0.0000092504	0.0000032110	-0.0000009106	0.0000000001	
2.400000	0.0000005783	-0.0000003879	0.0017451129	0.0000000235	-0.0000000157	-0.0978330661	34.0000000000	0.0000138358	0.0000093134	0.0000032369	-0.0000009220	0.0000000001	
2.410000	0.0000005777	-0.0000003889	0.0017451129	0.0000000236	-0.0000000158	-0.0978330661	34.1000000000	0.0000138772	0.0000093765	0.0000032629	-0.0000009335	0.0000000001	
2.420000	0.0000005770	-0.0000003899	0.0017451129	0.0000000237	-0.0000000160	-0.0978330661	34.2000000000	0.0000139185	0.0000094398	0.0000032889	-0.0000009451	0.0000000001	
2.430000	0.0000005763	-0.0000003909	0.0017451129	0.0000000237	-0.0000000161	-0.0978330661	34.3000000000	0.0000139595	0.0000095032	0.0000033151	-0.0000009568	0.0000000001	
2.440000	0.0000005756	-0.0000003919	0.0017451129	0.0000000238	-0.0000000162	-0.0978330661	34.4000000000	0.0000140004	0.0000095669	0.0000033414	-0.0000009686	0.0000000001	
2.450000	0.0000005749	-0.0000003929	0.0017451129	0.0000000239	-0.0000000163	-0.0978330661	34.5000000000	0.0000140411	0.0000096307	0.0000033677	-0.0000009805	0.0000000001	
2.460000	0.0000005743	-0.0000003939	0.0017451129	0.0000000239	-0.0000000164	-0.0978330661	34.6000000000	0.0000140817	0.0000096947	0.0000033941	-0.0000009925	0.0000000001	
2.470000	0.0000005736	-0.0000003949	0.0017451129	0.0000000240	-0.0000000165	-0.0978330661	34.7000000000	0.0000141220	0.0000097588	0.0000034206	-0.0000010045	0.0000000001	
2.480000	0.0000005729	-0.0000003959	0.0017451129	0.0000000241	-0.0000000166	-0.0978330661	34.8000000000	0.0000141622	0.0000098231	0.0000034472	-0.0000010167	0.0000000001	
2.490000	0.0000005722	-0.0000003969	0.0017451129	0.0000000241	-0.0000000167	-0.0978330661	34.9000000000	0.0000142022	0.0000098876	0.0000034739	-0.0000010290	0.0000000001	
2.500000	0.0000005715	-0.0000003979	0.0017451129	0.0000000242	-0.0000000168	-0.0978330661	35.0000000000	0.0000142420	0.0000099523	0.0000035007	-0.0000010414	0.0000000001	
2.510000	0.0000005708	-0.0000003989	0.0017451129	0.0000000243	-0.0000000169	-0.0978330661	35.1000000000	0.0000142816	0.0000100171	0.0000035275	-0.0000010538	0.0000000001	
2.520000	0.0000005701	-0.0000003999	0.0017451129	0.0000000244	-0.0000000170	-0.0978330661	35.2000000000	0.0000143210	0.0000100821	0.0000035545	-0.0000010664	0.0000000001	
2.530000	0.0000005694	-0.0000004009	0.0017451129	0.0000000244	-0.0000000172	-0.0978330661	35.3000000000	0.0000143603	0.0000101473	0.0000035815	-0.0000010790	0.0000000001	
2.540000	0.0000005687	-0.0000004019	0.0017451129	0.0000000245	-0.0000000173	-0.0978330661	35.4000000000	0.0000143994	0.0000102126	0.0000036086	-0.0000010918	0.0000000001	
2.550000	0.0000005680	-0.0000004029	0.0017451129	0.0000000246	-0.0000000174	-0.0978330661	35.5000000000	0.0000144382	0.0000102781	0.0000036358	-0.0000011046	0.0000000001	
2.560000	0.0000005673	-0.0000004039	0.0017451129	0.0000000246	-0.0000000175	-0.0978330661	35.6000000000	0.0000144769	0.0000103438	0.0000036631	-0.0000011176	0.0000000001	
2.570000	0.0000005666	-0.0000004049	0.0017451129	0.0000000247	-0.0000000176	-0.0978330661	35.7000000000	0.0000145155	0.0000104096	0.0000036905	-0.0000011306	0.0000000001	
2.580000	0.0000005659	-0.0000004059	0.0017451129	0.0000000248	-0.0000000177	-0.0978330661	35.8000000000	0.0000145538	0.0000104756	0.0000037179	-0.0000011438	0.0000000001	
2.590000	0.0000005652	-0.0000004069	0.0017451129	0.0000000248	-0.0000000178	-0.0978330661	35.9000000000	0.0000145919	0.0000105418	0.0000037455	-0.0000011570	0.0000000001	
2.600000	0.0000005645	-0.0000004078	0.0017451129	0.0000000249	-0.0000000179	-0.0978330661	36.0000000000	0.0000146299	0.0000106081	0.0000037731	-0.0000011704	0.0000000001	
2.610000	0.0000005637	-0.0000004088	0.0017451129	0.0000000249	-0.0000000181	-0.0978330661	36.1000000000	0.0000146677	0.0000106746	0.0000038008	-0.0000011838	0.0000000001	
2.620000	0.0000005630	-0.0000004098	0.0017451129	0.0000000250	-0.0000000182	-0.0978330661	36.2000000000	0.0000147052	0.0000107413	0.0000038286	-0.0000011974	0.0000000001	
2.630000	0.0000005623	-0.0000004108	0.0017451129	0.0000000251	-0.0000000183	-0.0978330661	36.3000000000	0.0000147426	0.0000108081	0.0000038565	-0.0000012110	0.0000000001	
2.640000	0.0000005616	-0.0000004118	0.0017451129	0.0000000251	-0.0000000184	-0.0978330661	36.4000000000	0.0000147798	0.0000108751	0.0000038844	-0.0000012248	0.0000000001	
2.650000	0.0000005609	-0.0000004128	0.0017451129	0.0000000252	-0.0000000185	-0.0978330661	36.5000000000	0.0000148168	0.0000109422	0.0000039124	-0.0000012386	0.0000000001	
2.660000	0.0000005602	-0.0000004137	0.0017451129	0.0000000253	-0.0000000186	-0.0978330661	36.6000000000	0.0000148537	0.0000110095	0.0000039406	-0.0000012526	0.0000000001	
2.670000	0.0000005594	-0.0000004147	0.0017451129	0.0000000253	-0.0000000187	-0.0978330661	36.7000000000	0.0000148903	0.0000110770	0.0000039688	-0.0000012667	0.0000000001	
2.680000	0.0000005587	-0.0000004157	0.0017451129	0.0000000254	-0.0000000189	-0.0978330661	36.8000000000	0.0000149268	0.0000111447	0.0000039970	-0.0000012808	0.0000000001	
2.690000	0.0000005580	-0.0000004167	0.0017451129	0.0000000255	-0.0000000190	-0.0978330661	36.9000000000	0.0000149630	0.0000112124	0.0000040254	-0.0000012951	0.0000000001	
2.700000	0.0000005573	-0.0000004176	0.0017451129	0.0000000255	-0.0000000191	-0.0978330661	37.0000000000	0.0000149991	0.0000112804	0.0000040539	-0.0000013094	0.0000000001	
2.710000	0.0000005565	-0.0000004186	0.0017451129	0.0000000256	-0.0000000192	-0.0978330661	37.1000000000	0.0000150349	0.0000113485	0.0000040824	-0.0000013239	0.0000000001	
2.720000	0.0000005558	-0.0000004196	0.0017451129	0.0000000256	-0.0000000193	-0.0978330661	37.2000000000	0.0000150706	0.0000114168	0.0000041110	-0.0000013385	0.0000000001	
2.730000	0.0000005551	-0.0000004205	0.0017451129	0.0000000257	-0.0000000194	-0.0978330661	37.3000000000	0.0000151061	0.0000114852	0.0000041397	-0.0000013532	0.0000000001	
2.740000	0.0000005543	-0.0000004215	0.0017451129	0.0000000258	-0.0000000196	-0.0978330661	37.4000000000	0.0000151414	0.0000115538	0.0000041684	-0.0000013679	0.0000000001	
2.750000	0.0000005536	-0.0000004225	0.0017451129	0.0000000258	-0.0000000197	-0.0978330661	37.5000000000	0.0000151765	0.0000116226	0.0000041973	-0.0000013828	0.0000000001	
2.760000	0.0000005528	-0.0000004234	0.0017451129	0.0000000259	-0.0000000198	-0.0978330661	37.6000000000	0.0000152114	0.0000116915	0.0000042262	-0.0000013978	0.0000000001	
2.770000	0.0000005521	-0.0000004244	0.0017451129	0.0000000259	-0.0000000199	-0.0978330661	37.7000000000	0.0000152461	0.0000117605	0.0000042552	-0.0000014129	0.0000000001	
2.780000	0.0000005514	-0.0000004254	0.0017451129	0.0000000260	-0.0000000200	-0.0978330661	37.8000000000	0.0000152806	0.0000118298	0.0000042843	-0.0000014281	0.0000000001	
2.790000	0.0000005506	-0.0000004263	0.0017451129	0.0000000261	-0.0000000201	-0.0978330661	37.9000000000	0.0000153150	0.0000118991	0.0000043135	-0.0000014434	0.0000000001	
2.800000	0.0000005499	-0.0000004273	0.0017451129	0.0000000261	-0.0000000203	-0.0978330661	38.0000000000	0.0000153491	0.0000119687	0.0000043427	-0.0000014588	0.0000000001	
2.810000	0.0000005491	-0.0000004283	0.0017451129	0.0000000262	-0.0000000204	-0.0978330661	38.1000000000	0.0000153830	0.0000120384	0.0000043720	-0.0000014743	0.0000000001	
2.820000	0.0000005484	-0.0000004292	0.0017451129	0.0000000262	-0.0000000205	-0.0978330661	38.2000000000	0.0000154167	0.0000121082	0.0000044014	-0.0000014900	0.0000000001	
2.830000	0.0000005476	-0.0000004302	0.0017451129	0.0000000263	-0.0000000206	-0.0978330661	38.3000000000	0.0000154503	0.0000121782	0.0000044309	-0.0000015057	0.0000000001	
2.840000	0.0000005469	-0.0000004311	0.0017451129	0.0000000264	-0.0000000207	-0.0978330661	38.4000000000	0.0000154836	0.0000122484	0.0000044605	-0.0000015215	0.0000000002	
2.850000	0.0000005461	-0.0000004321	0.0017451129	0.0000000264	-0.0000000209	-0.0978330661	38.5000000000	0.0000155167	0.0000123187	0.0000044901	-0.0000015375	0.0000000002	
2.860000	0.0000005454	-0.0000004330	0.0017451129	0.0000000265	-0.0000000210	-0.0978330661	38.6000000000	0.0000155497	0.0000123891	0.0000045198	-0.0000015536	0.0000000002	
2.870000	0.0000005446	-0.0000004340	0.0017451129	0.0000000265	-0.0000000211	-0.0978330661	38.7000000000	0.0000155824	0.0000124597	0.0000045496	-0.0000015697	0.0000000002	
2.880000	0.0000005439	-0.0000004349	0.0017451129	0.0000000266	-0.0000000212	-0.0978330661	38.8000000000	0.0000156150	0.0000125305	0.0000045795	-0.0000015860	0.0000000002	
2.890000	0.0000005431	-0.0000004359	0.0017451129	0.0000000266	-0.0000000213	-0.0978330661	38.9000000000	0.0000156473	0.0000126014	0.0000046094	-0.0000016024	0.0000000002	
2.900000	0.0000005423	-0.0000004368	0.0017451129	0.0000000267	-0.0000000215	-0.0978330661	39.0000000000	0.0000156795	0.0000126725	0.0000046394	-0.0000016189	0.0000000002	
2.910000	0.0000005416	-0.0000004378	0.0017451129	0.0000000267	-0.0000000216	-0.0978330661	39.1000000000	0.0000157114	0.0000127437	0.0000046695	-0.0000016355	0.0000000002	
2.920000	0.0000005408	-0.0000004387	0.0017451129	0.0000000268	-0.0000000217	-0.0978330661	39.2000000000	0.0000157431	0.0000128150	0.0000046997	-0.0000016522	0.0000000002	
2.930000	0.0000005400	-0.0000004397	0.0017451129	0.0000000269	-0.0000000218	-0.0978330661	39.3000000000	0.0000157747	0.0000128866	0.0000047299	-0.0000016690	0.0000000002	
2.940000	0.0000005393	-0.0000004406	0.0017451129	0.0000000269	-0.0000000219	-0.0978330661	39.4000000000	0.0000158060	0.0000129582	0.0000047602	-0.0000016859	0.0000000002	
2.950000	0.0000005385	-0.0000004415	0.0017451129	0.0000000270	-0.0000000221	-0.0978330661	39.5000000000	0.0000158372	0.0000130300	0.0000047906	-0.0000017030	0.0000000002	
2.960000	0.0000005377	-0.0000004425	0.0017451129	0.0000000270	-0.0000000222	-0.0978330661	39.6000000000	0.0000158681	0.0000131020	0.0000048210	-0.0000017201	0.0000000002	
2.970000	0.0000005370	-0.0000004434	0.0017451129	0.0000000271	-0.0000000223	-0.0978330661	39.7000000000	0.0000158988	0.0000131741	0.0000048516	-0.0000017374	0.0000000002	
2.980000	0.0000005362	-0.0000004444	0.0017451129	0.0000000271	-0.0000000224	-0.0978330661	39.8000000000	0.0000159294	0.0000132464	0.0000048822	-0.0000017548	0.0000000002	
2.990000	0.0000005354	-0.0000004453	0.0017451129	0.0000000272	-0.0000000226	-0.0978330661	39.9000000000	0.0000159597	0.0000133188	0.0000049129	-0.0000017723	0.0000000002	
3.000000	0.0000005346	-0.0000004462	0.0017451129	0.0000000272	-0.0000000227	-0.0978330661	40.0000000000	0.0000159898	0.0000133913	0.0000049436	-0.0000017899	0.0000000002	
3.010000	0.0000005339	-0.0000004472	0.0017451129	0.0000000273	-0.0000000228	-0.0978330661	40.1000000000	0.0000160197	0.0000134640	0.0000049744	-0.0000018076	0.0000000002	
3.020000	0.0000005331	-0.0000004481	0.0017451129	0.0000000273	-0.0000000229	-0.0978330661	40.2000000000	0.0000160494	0.0000135368	0.0000050053	-0.0000018254	0.0000000002	
3.030000	0.0000005323	-0.0000004490	0.0017451129	0.0000000274	-0.0000000231	-0.0978330661	40.3000000000	0.0000160789	0.0000136098	0.0000050363	-0.0000018434	0.0000000002	
3.040000	0.0000005315	-0.0000004499	0.0017451129	0.0000000274	-0.0000000232	-0.0978330661	40.4000000000	0.0000161082	0.0000136829	0.0000050673	-0.0000018615	0.0000000002	
3.050000	0.0000005307	-0.0000004509	0.0017451129	0.0000000275	-0.0000000233	-0.0978330661	40.5000000000	0.0000161373	0.0000137562	0.0000050984	-0.0000018796	0.0000000002	
3.060000	0.0000005299	-0.0000004518	0.0017451129	0.0000000275	-0.0000000234	-0.0978330661	40.6000000000	0.0000161662	0.0000138296	0.0000051296	-0.0000018979	0.0000000002	
3.070000	0.0000005291	-0.0000004527	0.0017451129	0.0000000276	-0.0000000236	-0.0978330661	40.7000000000	0.0000161949	0.0000139032	0.0000051609	-0.0000019163	0.0000000002	
3.080000	0.0000005283	-0.0000004536	0.0017451129	0.0000000276	-0.0000000237	-0.0978330661	40.8000000000	0.0000162233	0.0000139769	0.0000051922	-0.0000019348	0.0000000002	
3.090000	0.0000005276	-0.0000004546	0.0017451129	0.0000000277	-0.0000000238	-0.0978330661	40.9000000000	0.0000162516	0.0000140507	0.0000052236	-0.0000019535	0.0000000002	
3.100000	0.0000005268	-0.0000004555	0.0017451129	0.0000000277	-0.0000000239	-0.0978330661	41.0000000000	0.0000162796	0.0000141247	0.0000052550	-0.0000019722	0.0000000002	
3.110000	0.0000005260	-0.0000004564	0.0017451129	0.0000000278	-0.0000000241	-0.0978330661	41.1000000000	0.0000163075	0.0000141988	0.0000052866	-0.0000019911	0.0000000002	
3.120000	0.0000005252	-0.0000004573	0.0017451129	0.0000000278	-0.0000000242	-0.0978330661	41.2000000000	0.0000163351	0.0000142731	0.0000053182	-0.0000020101	0.0000000002	
3.130000	0.0000005244	-0.0000004582	0.0017451129	0.0000000279	-0.0000000243	-0.0978330661	41.3000000000	0.0000163625	0.0000143475	0.0000053498	-0.0000020292	0.0000000002	
3.140000	0.0000005236	-0.0000004592	0.0017451129	0.0000000279	-0.0000000244	-0.0978330661	41.4000000000	0.0000163898	0.0000144220	0.0000053816	-0.0000020484	0.0000000002	
3.150000	0.0000005228	-0.0000004601	0.0017451129	0.0000000280	-0.0000000246	-0.0978330661	41.5000000000	0.0000164168	0.0000144967	0.0000054134	-0.0000020677	0.0000000002	
3.160000	0.0000005220	-0.0000004610	0.0017451129	0.0000000280	-0.0000000247	-0.0978330661	41.6000000000	0.0000164436	0.0000145715	0.0000054453	-0.0000020871	0.0000000002	
3.170000	0.0000005212	-0.0000004619	0.0017451129	0.0000000281	-0.0000000248	-0.0978330661	41.7000000000	0.0000164701	0.0000146465	0.0000054772	-0.0000021067	0.0000000002	
3.180000	0.0000005204	-0.0000004628	0.0017451129	0.0000000281	-0.0000000249	-0.0978330661	41.8000000000	0.0000164965	0.0000147216	0.0000055092	-0.0000021264	0.0000000002	
3.190000	0.0000005195	-0.0000004637	0.0017451129	0.0000000281	-0.0000000251	-0.0978330661	41.9000000000	0.0000165227	0.0000147968	0.0000055413	-0.0000021462	0.0000000002	
3.200000	0.0000005187	-0.0000004646	0.0017451129	0.0000000282	-0.0000000252	-0.0978330661	42.0000000000	0.0000165486	0.0000148721	0.0000055734	-0.0000021661	0.0000000002	
3.210000	0.0000005179	-0.0000004655	0.0017451129	0.0000000282	-0.0000000253	-0.0978330661	42.1000000000	0.0000165743	0.0000149476	0.0000056056	-0.0000021862	0.0000000002	
3.220000	0.0000005171	-0.0000004664	0.0017451129	0.0000000283	-0.0000000255	-0.0978330661	42.2000000000	0.0000165999	0.0000150233	0.0000056379	-0.0000022063	0.0000000002	
3.230000	0.0000005163	-0.0000004673	0.0017451129	0.0000000283	-0.0000000256	-0.0978330661	42.3000000000	0.0000166252	0.0000150990	0.0000056702	-0.0000022266	0.0000000003	
3.240000	0.0000005155	-0.0000004682	0.0017451129	0.0000000284	-0.0000000257	-0.0978330661	42.4000000000	0.0000166503	0.0000151749	0.0000057026	-0.0000022470	0.0000000003	
3.250000	0.0000005147	-0.0000004691	0.0017451129	0.0000000284	-0.0000000258	-0.0978330661	42.5000000000	0.0000166751	0.0000152510	0.0000057351	-0.0000022675	0.0000000003	
3.260000	0.0000005138	-0.0000004700	0.0017451129	0.0000000285	-0.0000000260	-0.0978330661	42.6000000000	0.0000166998	0.0000153271	0.0000057676	-0.0000022882	0.0000000003	
3.270000	0.0000005130	-0.0000004709	0.0017451129	0.0000000285	-0.0000000261	-0.0978330661	42.7000000000	0.0000167242	0.0000154034	0.0000058002	-0.0000023089	0.0000000003	
3.280000	0.0000005122	-0.0000004718	0.0017451129	0.0000000285	-0.0000000262	-0.0978330661	42.8000000000	0.0000167485	0.0000154799	0.0000058329	-0.0000023298	0.0000000003	
3.290000	0.0000005114	-0.0000004727	0.0017451129	0.0000000286	-0.0000000264	-0.0978330661	42.9000000000	0.0000167725	0.0000155564	0.0000058656	-0.0000023508	0.0000000003	
3.300000	0.0000005105	-0.0000004736	0.0017451129	0.0000000286	-0.0000000265	-0.0978330661	43.0000000000	0.0000167963	0.0000156331	0.0000058984	-0.0000023719	0.0000000003	
3.310000	0.0000005097	-0.0000004745	0.0017451129	0.0000000287	-0.0000000266	-0.0978330661	43.1000000000	0.0000168199	0.0000157100	0.0000059312	-0.0000023932	0.0000000003	
3.320000	0.0000005089	-0.0000004754	0.0017451129	0.0000000287	-0.0000000268	-0.0978330661	43.2000000000	0.0000168432	0.0000157869	0.0000059641	-0.0000024145	0.0000000003	
3.330000	0.0000005081	-0.0000004763	0.0017451129	0.0000000287	-0.0000000269	-0.0978330661	43.3000000000	0.0000168664	0.0000158640	0.0000059971	-0.0000024360	0.0000000003	
3.340000	0.0000005072	-0.0000004771	0.0017451129	0.0000000288	-0.0000000270	-0.0978330661	43.4000000000	0.0000168893	0.0000159412	0.0000060302	-0.0000024576	0.0000000003	
3.350000	0.0000005064	-0.0000004780	0.0017451129	0.0000000288	-0.0000000272	-0.0978330661	43.5000000000	0.0000169120	0.0000160186	0.0000060633	-0.0000024794	0.0000000003	
3.360000	0.0000005056	-0.0000004789	0.0017451129	0.0000000289	-0.0000000273	-0.0978330661	43.6000000000	0.0000169345	0.0000160960	0.0000060964	-0.0000025012	0.0000000003	
3.370000	0.0000005047	-0.0000004798	0.0017451129	0.0000000289	-0.0000000274	-0.0978330661	43.7000000000	0.0000169568	0.0000161736	0.0000061296	-0.0000025232	0.0000000003	
3.380000	0.0000005039	-0.0000004807	0.0017451129	0.0000000289	-0.0000000276	-0.0978330661	43.8000000000	0.0000169788	0.0000162513	0.0000061629	-0.0000025453	0.0000000003	
3.390000	0.0000005030	-0.0000004816	0.0017451129	0.0000000290	-0.0000000277	-0.0978330661	43.9000000000	0.0000170007	0.0000163292	0.0000061963	-0.0000025675	0.0000000003	
3.400000	0.0000005022	-0.0000004824	0.0017451129	0.0000000290	-0.0000000278	-0.0978330661	44.0000000000	0.0000170223	0.0000164072	0.0000062297	-0.0000025899	0.0000000003	
3.410000	0.0000005014	-0.0000004833	0.0017451129	0.0000000290	-0.0000000279	-0.0978330661	44.1000000000	0.0000170437	0.0000164853	0.0000062631	-0.0000026124	0.0000000003	
3.420000	0.0000005005	-0.0000004842	0.0017451129	0.0000000291	-0.0000000281	-0.0978330661	44.2000000000	0.0000170648	0.0000165635	0.0000062966	-0.0000026350	0.0000000003	
3.430000	0.0000004997	-0.0000004851	0.0017451129	0.0000000291	-0.0000000282	-0.0978330661	44.3000000000	0.0000170858	0.0000166418	0.0000063302	-0.0000026577	0.0000000003	
3.440000	0.0000004988	-0.0000004859	0.0017451129	0.0000000292	-0.0000000283	-0.0978330661	44.4000000000	0.0000171065	0.0000167203	0.0000063638	-0.0000026805	0.0000000003	
3.450000	0.0000004980	-0.0000004868	0.0017451129	0.0000000292	-0.0000000285	-0.0978330661	44.5000000000	0.0000171270	0.0000167989	0.0000063975	-0.0000027035	0.0000000003	
3.460000	0.0000004971	-0.0000004877	0.0017451129	0.0000000292	-0.0000000286	-0.0978330661	44.6000000000	0.0000171473	0.0000168776	0.0000064313	-0.0000027266	0.0000000003	
3.470000	0.0000004963	-0.0000004885	0.0017451129	0.0000000293	-0.0000000288	-0.0978330661	44.7000000000	0.0000171674	0.0000169565	0.0000064651	-0.0000027499	0.0000000003	
3.480000	0.0000004954	-0.0000004894	0.0017451129	0.0000000293	-0.0000000289	-0.0978330661	44.8000000000	0.0000171872	0.0000170354	0.0000064990	-0.0000027732	0.0000000003	
3.490000	0.0000004946	-0.0000004903	0.0017451129	0.0000000293	-0.0000000290	-0.0978330661	44.9000000000	0.0000172068	0.0000171145	0.0000065329	-0.0000027967	0.0000000003	
3.500000	0.0000004937	-0.0000004911	0.0017451129	0.0000000294	-0.0000000292	-0.0978330661	45.0000000000	0.0000172262	0.0000171937	0.0000065669	-0.0000028203	0.0000000003	
3.510000	0.0000004928	-0.0000004920	0.0017451129	0.0000000294	-0.0000000293	-0.0978330661	45.1000000000	0.0000172454	0.0000172730	0.0000066009	-0.0000028441	0.0000000003	
3.520000	0.0000004920	-0.0000004928	0.0017451129	0.0000000294	-0.0000000294	-0.0978330661	45.2000000000	0.0000172643	0.0000173525	0.0000066350	-0.0000028679	0.0000000004	
3.530000	0.0000004911	-0.0000004937	0.0017451129	0.0000000295	-0.0000000296	-0.0978330661	45.3000000000	0.0000172831	0.0000174320	0.0000066692	-0.0000028919	0.0000000004	
3.540000	0.0000004903	-0.0000004946	0.0017451129	0.0000000295	-0.0000000297	-0.0978330661	45.4000000000	0.0000173015	0.0000175117	0.0000067034	-0.0000029160	0.0000000004	
3.550000	0.0000004894	-0.0000004954	0.0017451129	0.0000000295	-0.0000000298	-0.0978330661	45.5000000000	0.0000173198	0.0000175915	0.0000067376	-0.0000029403	0.0000000004	
3.560000	0.0000004885	-0.0000004963	0.0017451129	0.0000000296	-0.0000000300	-0.0978330661	45.6000000000	0.0000173379	0.0000176714	0.0000067719	-0.0000029647	0.0000000004	
3.570000	0.0000004877	-0.0000004971	0.0017451129	0.0000000296	-0.0000000301	-0.0978330661	45.7000000000	0.0000173557	0.0000177514	0.0000068063	-0.0000029892	0.0000000004	
3.580000	0.0000004868	-0.0000004980	0.0017451129	0.0000000296	-0.0000000302	-0.0978330661	45.8000000000	0.0000173733	0.0000178316	0.0000068407	-0.0000030138	0.0000000004	
3.590000	0.0000004859	-0.0000004988	0.0017451129	0.0000000297	-0.0000000304	-0.0978330661	45.9000000000	0.0000173906	0.0000179118	0.0000068752	-0.0000030386	0.0000000004	
3.600000	0.0000004851	-0.0000004997	0.0017451129	0.0000000297	-0.0000000305	-0.0978330661	46.0000000000	0.0000174078	0.0000179922	0.0000069097	-0.0000030635	0.0000000004	
3.610000	0.0000004842	-0.0000005005	0.0017451129	0.0000000297	-0.0000000307	-0.0978330661	46.1000000000	0.0000174247	0.0000180727	0.0000069443	-0.0000030885	0.0000000004	
3.620000	0.0000004833	-0.0000005014	0.0017451129	0.0000000297	-0.0000000308	-0.0978330661	46.2000000000	0.0000174413	0.0000181533	0.0000069790	-0.0000031136	0.0000000004	
3.630000	0.0000004824	-0.0000005022	0.0017451129	0.0000000298	-0.0000000309	-0.0978330661	46.3000000000	0.0000174578	0.0000182340	0.0000070136	-0.0000031389	0.0000000004	
3.640000	0.0000004816	-0.0000005030	0.0017451129	0.0000000298	-0.0000000311	-0.0978330661	46.4000000000	0.0000174740	0.0000183148	0.0000070484	-0.0000031644	0.0000000004	
3.650000	0.0000004807	-0.0000005039	0.0017451129	0.0000000298	-0.0000000312	-0.0978330661	46.5000000000	0.0000174900	0.0000183958	0.0000070832	-0.0000031899	0.0000000004	
3.660000	0.0000004798	-0.0000005047	0.0017451129	0.0000000299	-0.0000000313	-0.0978330661	46.6000000000	0.0000175058	0.0000184768	0.0000071180	-0.0000032156	0.0000000004	
3.670000	0.0000004789	-0.0000005056	0.0017451129	0.0000000299	-0.0000000315	-0.0978330661	46.7000000000	0.0000175213	0.0000185580	0.0000071529	-0.0000032414	0.0000000004	
3.680000	0.0000004780	-0.0000005064	0.0017451129	0.0000000299	-0.0000000316	-0.0978330661	46.8000000000	0.0000175366	0.0000186392	0.0000071879	-0.0000032673	0.0000000004	
3.690000	0.0000004771	-0.0000005072	0.0017451129	0.0000000299	-0.0000000318	-0.0978330661	46.9000000000	0.0000175517	0.0000187206	0.0000072228	-0.0000032934	0.0000000004	
3.700000	0.0000004763	-0.0000005081	0.0017451129	0.0000000300	-0.0000000319	-0.0978330661	47.0000000000	0.0000175665	0.0000188021	0.0000072579	-0.0000033196	0.0000000004	
3.710000	0.0000004754	-0.0000005089	0.0017451129	0.0000000300	-0.0000000320	-0.0978330661	47.1000000000	0.0000175811	0.0000188837	0.0000072930	-0.0000033460	0.0000000004	
3.720000	0.0000004745	-0.0000005097	0.0017451129	0.0000000300	-0.0000000322	-0.0978330661	47.2000000000	0.0000175955	0.0000189654	0.0000073281	-0.0000033724	0.0000000004	
3.730000	0.0000004736	-0.0000005105	0.0017451129	0.0000000300	-0.0000000323	-0.0978330661	47.3000000000	0.0000176096	0.0000190472	0.0000073633	-0.0000033990	0.0000000004	
3.740000	0.0000004727	-0.0000005114	0.0017451129	0.0000000301	-0.0000000325	-0.0978330661	47.4000000000	0.0000176236	0.0000191292	0.0000073985	-0.0000034258	0.0000000004	
3.750000	0.0000004718	-0.0000005122	0.0017451129	0.0000000301	-0.0000000326	-0.0978330661	47.5000000000	0.0000176372	0.0000192112	0.0000074338	-0.0000034526	0.0000000005	
3.760000	0.0000004709	-0.0000005130	0.0017451129	0.0000000301	-0.0000000327	-0.0978330661	47.6000000000	0.0000176507	0.0000192933	0.0000074692	-0.0000034796	0.0000000005	
3.770000	0.0000004700	-0.0000005138	0.0017451129	0.0000000301	-0.0000000329	-0.0978330661	47.7000000000	0.0000176639	0.0000193756	0.0000075045	-0.0000035068	0.0000000005	
3.780000	0.0000004691	-0.0000005147	0.0017451129	0.0000000302	-0.0000000330	-0.0978330661	47.8000000000	0.0000176769	0.0000194579	0.0000075400	-0.0000035341	0.0000000005	
3.790000	0.0000004682	-0.0000005155	0.0017451129	0.0000000302	-0.0000000332	-0.0978330661	47.9000000000	0.0000176896	0.0000195404	0.0000075754	-0.0000035615	0.0000000005	
3.800000	0.0000004673	-0.0000005163	0.0017451129	0.0000000302	-0.0000000333	-0.0978330661	48.0000000000	0.0000177022	0.0000196229	0.0000076110	-0.0000035890	0.0000000005	
3.810000	0.0000004664	-0.0000005171	0.0017451129	0.0000000302	-0.0000000334	-0.0978330661	48.1000000000	0.0000177144	0.0000197056	0.0000076465	-0.0000036167	0.0000000005	
3.820000	0.0000004655	-0.0000005179	0.0017451129	0.0000000302	-0.0000000336	-0.0978330661	48.2000000000	0.0000177265	0.0000197883	0.0000076821	-0.0000036445	0.0000000005	
3.830000	0.0000004646	-0.0000005187	0.0017451129	0.0000000303	-0.0000000337	-0.0978330661	48.3000000000	0.0000177383	0.0000198712	0.0000077178	-0.0000036724	0.0000000005	
3.840000	0.0000004637	-0.0000005195	0.0017451129	0.0000000303	-0.0000000339	-0.0978330661	48.4000000000	0.0000177499	0.0000199541	0.0000077535	-0.0000037005	0.0000000005	
3.850000	0.0000004628	-0.0000005204	0.0017451129	0.0000000303	-0.0000000340	-0.0978330661	48.5000000000	0.0000177612	0.0000200372	0.0000077892	-0.0000037287	0.0000000005	
3.860000	0.0000004619	-0.0000005212	0.0017451129	0.0000000303	-0.0000000341	-0.0978330661	48.6000000000	0.0000177723	0.0000201204	0.0000078250	-0.0000037571	0.0000000005	
3.870000	0.0000004610	-0.0000005220	0.0017451129	0.0000000303	-0.0000000343	-0.0978330661	48.7000000000	0.0000177832	0.0000202036	0.0000078608	-0.0000037856	0.0000000005	
3.880000	0.0000004601	-0.0000005228	0.0017451129	0.0000000304	-0.0000000344	-0.0978330661	48.8000000000	0.0000177938	0.0000202870	0.0000078967	-0.0000038142	0.0000000005	
3.890000	0.0000004592	-0.0000005236	0.0017451129	0.0000000304	-0.0000000346	-0.0978330661	48.9000000000	0.0000178042	0.0000203704	0.0000079326	-0.0000038430	0.0000000005	
3.900000	0.0000004582	-0.0000005244	0.0017451129	0.0000000304	-0.0000000347	-0.0978330661	49.0000000000	0.0000178144	0.0000204540	0.0000079686	-0.0000038719	0.0000000005	
3.910000	0.0000004573	-0.0000005252	0.0017451129	0.0000000304	-0.0000000349	-0.0978330661	49.1000000000	0.0000178243	0.0000205376	0.0000080046	-0.0000039009	0.0000000005	
3.920000	0.0000004564	-0.0000005260	0.0017451129	0.0000000304	-0.0000000350	-0.0978330661	49.2000000000	0.0000178340	0.0000206214	0.0000080406	-0.0000039301	0.0000000005	
3.930000	0.0000004555	-0.0000005268	0.0017451129	0.0000000304	-0.0000000351	-0.0978330661	49.3000000000	0.0000178434	0.0000207052	0.0000080767	-0.0000039594	0.0000000005	
3.940000	0.0000004546	-0.0000005276	0.0017451129	0.0000000305	-0.0000000353	-0.0978330661	49.4000000000	0.0000178526	0.0000207892	0.0000081129	-0.0000039889	0.0000000006	
3.950000	0.0000004536	-0.0000005283	0.0017451129	0.0000000305	-0.0000000354	-0.0978330661	49.5000000000	0.0000178616	0.0000208732	0.0000081490	-0.0000040185	0.0000000006	
3.960000	0.0000004527	-0.0000005291	0.0017451129	0.0000000305	-0.0000000356	-0.0978330661	49.6000000000	0.0000178703	0.0000209574	0.0000081852	-0.0000040482	0.0000000006	
3.970000	0.0000004518	-0.0000005299	0.0017451129	0.0000000305	-0.0000000357	-0.0978330661	49.7000000000	0.0000178788	0.0000210416	0.0000082215	-0.0000040781	0.0000000006	
3.980000	0.0000004509	-0.0000005307	0.0017451129	0.0000000305	-0.0000000359	-0.0978330661	49.8000000000	0.0000178870	0.0000211259	0.0000082578	-0.0000041081	0.0000000006	
3.990000	0.0000004499	-0.0000005315	0.0017451129	0.0000000305	-0.0000000360	-0.0978330661	49.9000000000	0.0000178950	0.0000212103	0.0000082941	-0.0000041382	0.0000000006	
4.000000	0.0000004490	-0.0000005323	0.0017451129	0.0000000305	-0.0000000361	-0.0978330661	50.0000000000	0.0000179028	0.0000212948	0.0000083304	-0.0000041685	0.0000000006	
4.010000	0.0000004481	-0.0000005331	0.0017451129	0.0000000306	-0.0000000363	-0.0978330661	50.1000000000	0.0000179103	0.0000213794	0.0000083668	-0.0000041989	0.0000000006	
4.020000	0.0000004472	-0.0000005339	0.0017451129	0.0000000306	-0.0000000364	-0.0978330661	50.2000000000	0.0000179176	0.0000214641	0.0000084033	-0.0000042295	0.0000000006	
4.030000	0.0000004462	-0.0000005346	0.0017451129	0.0000000306	-0.0000000366	-0.0978330661	50.3000000000	0.0000179247	0.0000215489	0.0000084398	-0.0000042602	0.0000000006	
4.040000	0.0000004453	-0.0000005354	0.0017451129	0.0000000306	-0.0000000367	-0.0978330661	50.4000000000	0.0000179315	0.0000216337	0.0000084763	-0.0000042911	0.0000000006	
4.050000	0.0000004444	-0.0000005362	0.0017451129	0.0000000306	-0.0000000369	-0.0978330661	50.5000000000	0.0000179380	0.0000217187	0.0000085128	-0.0000043221	0.0000000006	
4.060000	0.0000004434	-0.0000005370	0.0017451129	0.0000000306	-0.0000000370	-0.0978330661	50.6000000000	0.0000179443	0.0000218037	0.0000085494	-0.0000043532	0.0000000006	
4.070000	0.0000004425	-0.0000005377	0.0017451129	0.0000000306	-0.0000000372	-0.0978330661	50.7000000000	0.0000179504	0.0000218889	0.0000085860	-0.0000043845	0.0000000006	
4.080000	0.0000004415	-0.0000005385	0.0017451129	0.0000000306	-0.0000000373	-0.0978330661	50.8000000000	0.0000179562	0.0000219741	0.0000086227	-0.0000044159	0.0000000006	
4.090000	0.0000004406	-0.0000005393	0.0017451129	0.0000000307	-0.0000000374	-0.0978330661	50.9000000000	0.0000179618	0.0000220594	0.0000086594	-0.0000044474	0.0000000006	
4.100000	0.0000004397	-0.0000005400	0.0017451129	0.0000000307	-0.0000000376	-0.0978330661	51.0000000000	0.0000179672	0.0000221448	0.0000086961	-0.0000044791	0.0000000006	
4.110000	0.0000004387	-0.0000005408	0.0017451129	0.0000000307	-0.0000000377	-0.0978330661	51.1000000000	0.0000179723	0.0000222303	0.0000087329	-0.0000045109	0.0000000007	
4.120000	0.0000004378	-0.0000005416	0.0017451129	0.0000000307	-0.0000000379	-0.0978330661	51.2000000000	0.0000179772	0.0000223158	0.0000087697	-0.0000045429	0.0000000007	
4.130000	0.0000004368	-0.0000005423	0.0017451129	0.0000000307	-0.0000000380	-0.0978330661	51.3000000000	0.0000179818	0.0000224015	0.0000088065	-0.0000045750	0.0000000007	
4.140000	0.0000004359	-0.0000005431	0.0017451129	0.0000000307	-0.0000000382	-0.0978330661	51.4000000000	0.0000179861	0.0000224872	0.0000088434	-0.0000046073	0.0000000007	
4.150000	0.0000004349	-0.0000005439	0.0017451129	0.0000000307	-0.0000000383	-0.0978330661	51.5000000000	0.0000179903	0.0000225730	0.0000088803	-0.0000046397	0.0000000007	
4.160000	0.0000004340	-0.0000005446	0.0017451129	0.0000000307	-0.0000000385	-0.0978330661	51.6000000000	0.0000179942	0.0000226589	0.0000089172	-0.0000046723	0.0000000007	
4.170000	0.0000004330	-0.0000005454	0.0017451129	0.0000000307	-0.0000000386	-0.0978330661	51.7000000000	0.0000179978	0.0000227449	0.0000089542	-0.0000047050	0.0000000007	
4.180000	0.0000004321	-0.0000005461	0.0017451129	0.0000000307	-0.0000000388	-0.0978330661	51.8000000000	0.0000180012	0.0000228310	0.0000089912	-0.0000047378	0.0000000007	
4.190000	0.0000004311	-0.0000005469	0.0017451129	0.0000000307	-0.0000000389	-0.0978330661	51.9000000000	0.0000180043	0.0000229171	0.0000090282	-0.0000047708	0.0000000007	
4.200000	0.0000004302	-0.0000005476	0.0017451129	0.0000000307	-0.0000000391	-0.0978330661	52.0000000000	0.0000180072	0.0000230034	0.0000090653	-0.0000048039	0.0000000007	
4.210000	0.0000004292	-0.0000005484	0.0017451129	0.0000000307	-0.0000000392	-0.0978330661	52.1000000000	0.0000180099	0.0000230897	0.0000091023	-0.0000048372	0.0000000007	
4.220000	0.0000004283	-0.0000005491	0.0017451129	0.0000000307	-0.0000000394	-0.0978330661	52.2000000000	0.0000180123	0.0000231760	0.0000091395	-0.0000048706	0.0000000007	
4.230000	0.0000004273	-0.0000005499	0.0017451129	0.0000000308	-0.0000000395	-0.0978330661	52.3000000000	0.0000180144	0.0000232625	0.0000091766	-0.0000049041	0.0000000007	
4.240000	0.0000004263	-0.0000005506	0.0017451129	0.0000000308	-0.0000000396	-0.0978330661	52.4000000000	0.0000180164	0.0000233490	0.0000092138	-0.0000049378	0.0000000007	
4.250000	0.0000004254	-0.0000005514	0.0017451129	0.0000000308	-0.0000000398	-0.0978330661	52.5000000000	0.0000180180	0.0000234357	0.0000092510	-0.0000049717	0.0000000007	
4.260000	0.0000004244	-0.0000005521	0.0017451129	0.0000000308	-0.0000000399	-0.0978330661	52.6000000000	0.0000180194	0.0000235223	0.0000092882	-0.0000050057	0.0000000008	
4.270000	0.0000004234	-0.0000005528	0.0017451129	0.0000000308	-0.0000000401	-0.0978330661	52.7000000000	0.0000180206	0.0000236091	0.0000093255	-0.0000050398	0.0000000008	
4.280000	0.0000004225	-0.0000005536	0.0017451129	0.0000000308	-0.0000000402	-0.0978330661	52.8000000000	0.0000180215	0.0000236960	0.0000093628	-0.0000050741	0.0000000008	
4.290000	0.0000004215	-0.0000005543	0.0017451129	0.0000000308	-0.0000000404	-0.0978330661	52.9000000000	0.0000180222	0.0000237829	0.0000094001	-0.0000051085	0.0000000008	
4.300000	0.0000004205	-0.0000005551	0.0017451129	0.0000000308	-0.0000000405	-0.0978330661	53.0000000000	0.0000180226	0.0000238699	0.0000094374	-0.0000051431	0.0000000008	
4.310000	0.0000004196	-0.0000005558	0.0017451129	0.0000000308	-0.0000000407	-0.0978330661	53.1000000000	0.0000180228	0.0000239569	0.0000094748	-0.0000051778	0.0000000008	
4.320000	0.0000004186	-0.0000005565	0.0017451129	0.0000000308	-0.0000000408	-0.0978330661	53.2000000000	0.0000180227	0.0000240441	0.0000095122	-0.0000052127	0.0000000008	
4.330000	0.0000004176	-0.0000005573	0.0017451129	0.0000000308	-0.0000000410	-0.0978330661	53.3000000000	0.0000180224	0.0000241313	0.0000095496	-0.0000052477	0.0000000008	
4.340000	0.0000004167	-0.0000005580	0.0017451129	0.0000000308	-0.0000000411	-0.0978330661	53.4000000000	0.0000180218	0.0000242186	0.0000095871	-0.0000052828	0.0000000008	
4.350000	0.0000004157	-0.0000005587	0.0017451129	0.0000000308	-0.0000000413	-0.0978330661	53.5000000000	0.0000180210	0.0000243059	0.0000096246	-0.0000053181	0.0000000008	
4.360000	0.0000004147	-0.0000005594	0.0017451129	0.0000000308	-0.0000000414	-0.0978330661	53.6000000000	0.0000180200	0.0000243934	0.0000096621	-0.0000053536	0.0000000008	
4.370000	0.0000004137	-0.0000005602	0.0017451129	0.0000000308	-0.0000000416	-0.0978330661	53.7000000000	0.0000180186	0.0000244809	0.0000096996	-0.0000053892	0.0000000008	
4.380000	0.0000004128	-0.0000005609	0.0017451129	0.0000000308	-0.0000000417	-0.0978330661	53.8000000000	0.0000180171	0.0000245684	0.0000097371	-0.0000054249	0.0000000008	
4.390000	0.0000004118	-0.0000005616	0.0017451129	0.0000000308	-0.0000000419	-0.0978330661	53.9000000000	0.0000180152	0.0000246561	0.0000097747	-0.0000054608	0.0000000008	
4.400000	0.0000004108	-0.0000005623	0.0017451129	0.0000000308	-0.0000000420	-0.0978330661	54.0000000000	0.0000180132	0.0000247438	0.0000098123	-0.0000054969	0.0000000009	
4.410000	0.0000004098	-0.0000005630	0.0017451129	0.0000000308	-0.0000000422	-0.0978330661	54.1000000000	0.0000180108	0.0000248315	0.0000098499	-0.0000055330	0.0000000009	
4.420000	0.0000004088	-0.0000005637	0.0017451129	0.0000000308	-0.0000000423	-0.0978330661	54.2000000000	0.0000180083	0.0000249194	0.0000098876	-0.0000055694	0.0000000009	
4.430000	0.0000004078	-0.0000005645	0.0017451129	0.0000000308	-0.0000000425	-0.0978330661	54.3000000000	0.0000180054	0.0000250073	0.0000099252	-0.0000056059	0.0000000009	
4.440000	0.0000004069	-0.0000005652	0.0017451129	0.0000000307	-0.0000000426	-0.0978330661	54.4000000000	0.0000180023	0.0000250953	0.0000099629	-0.0000056425	0.0000000009	
4.450000	0.0000004059	-0.0000005659	0.0017451129	0.0000000307	-0.0000000428	-0.0978330661	54.5000000000	0.0000179990	0.0000251833	0.0000100006	-0.0000056793	0.0000000009	
4.460000	0.0000004049	-0.0000005666	0.0017451129	0.0000000307	-0.0000000429	-0.0978330661	54.6000000000	0.0000179954	0.0000252714	0.0000100383	-0.0000057162	0.0000000009	
4.470000	0.0000004039	-0.0000005673	0.0017451129	0.0000000307	-0.0000000431	-0.0978330661	54.7000000000	0.0000179916	0.0000253596	0.0000100761	-0.0000057533	0.0000000009	
4.480000	0.0000004029	-0.0000005680	0.0017451129	0.0000000307	-0.0000000432	-0.0978330661	54.8000000000	0.0000179875	0.0000254478	0.0000101139	-0.0000057905	0.0000000009	
4.490000	0.0000004019	-0.0000005687	0.0017451129	0.0000000307	-0.0000000434	-0.0978330661	54.9000000000	0.0000179831	0.0000255361	0.0000101516	-0.0000058279	0.0000000009	
4.500000	0.0000004009	-0.0000005694	0.0017451129	0.0000000307	-0.0000000435	-0.0978330661	55.0000000000	0.0000179785	0.0000256244	0.0000101894	-0.0000058654	0.0000000009	
4.510000	0.0000003999	-0.0000005701	0.0017451129	0.0000000307	-0.0000000437	-0.0978330661	55.1000000000	0.0000179737	0.0000257129	0.0000102273	-0.0000059031	0.0000000009	
4.520000	0.0000003989	-0.0000005708	0.0017451129	0.0000000307	-0.0000000438	-0.0978330661	55.2000000000	0.0000179686	0.0000258013	0.0000102651	-0.0000059409	0.0000000009	
4.530000	0.0000003979	-0.0000005715	0.0017451129	0.0000000307	-0.0000000440	-0.0978330661	55.3000000000	0.0000179632	0.0000258899	0.0000103030	-0.0000059789	0.0000000010	
4.540000	0.0000003969	-0.0000005722	0.0017451129	0.0000000307	-0.0000000441	-0.0978330661	55.4000000000	0.0000179576	0.0000259785	0.0000103408	-0.0000060170	0.0000000010	
4.550000	0.0000003959	-0.0000005729	0.0017451129	0.0000000307	-0.0000000443	-0.0978330661	55.5000000000	0.0000179517	0.0000260671	0.0000103787	-0.0000060553	0.0000000010	
4.560000	0.0000003949	-0.0000005736	0.0017451129	0.0000000307	-0.0000000444	-0.0978330661	55.6000000000	0.0000179456	0.0000261558	0.0000104167	-0.0000060938	0.0000000010	
4.570000	0.0000003939	-0.0000005743	0.0017451129	0.0000000306	-0.0000000446	-0.0978330661	55.7000000000	0.0000179392	0.0000262446	0.0000104546	-0.0000061323	0.0000000010	
4.580000	0.0000003929	-0.0000005749	0.0017451129	0.0000000306	-0.0000000447	-0.0978330661	55.8000000000	0.0000179326	0.0000263334	0.0000104925	-0.0000061711	0.0000000010	
4.590000	0.0000003919	-0.0000005756	0.0017451129	0.0000000306	-0.0000000449	-0.0978330661	55.9000000000	0.0000179257	0.0000264223	0.0000105305	-0.0000062100	0.0000000010	
4.600000	0.0000003909	-0.0000005763	0.0017451129	0.0000000306	-0.0000000450	-0.0978330661	56.0000000000	0.0000179186	0.0000265113	0.0000105685	-0.0000062490	0.0000000010	
4.610000	0.0000003899	-0.0000005770	0.0017451129	0.0000000306	-0.0000000452	-0.0978330661	56.1000000000	0.0000179112	0.0000266003	0.0000106064	-0.0000062882	0.0000000010	
4.620000	0.0000003889	-0.0000005777	0.0017451129	0.0000000306	-0.0000000453	-0.0978330661	56.2000000000	0.0000179035	0.0000266893	0.0000106444	-0.0000063275	0.0000000010	
4.630000	0.0000003879	-0.0000005783	0.0017451129	0.0000000306	-0.0000000455	-0.0978330661	56.3000000000	0.0000178956	0.0000267784	0.0000106825	-0.0000063670	0.0000000010	
4.640000	0.0000003869	-0.0000005790	0.0017451129	0.0000000306	-0.0000000456	-0.0978330661	56.4000000000	0.0000178874	0.0000268676	0.0000107205	-0.0000064067	0.0000000011	
4.650000	0.0000003859	-0.0000005797	0.0017451129	0.0000000305	-0.0000000458	-0.0978330661	56.5000000000	0.0000178790	0.0000269568	0.0000107585	-0.0000064464	0.0000000011	
4.660000	0.0000003849	-0.0000005804	0.0017451129	0.0000000305	-0.0000000460	-0.0978330661	56.6000000000	0.0000178703	0.0000270461	0.0000107966	-0.0000064864	0.0000000011	
4.670000	0.0000003839	-0.0000005810	0.0017451129	0.0000000305	-0.0000000461	-0.0978330661	56.7000000000	0.0000178614	0.0000271354	0.0000108347	-0.0000065265	0.0000000011	
4.680000	0.0000003828	-0.0000005817	0.0017451129	0.0000000305	-0.0000000463	-0.0978330661	56.8000000000	0.0000178522	0.0000272247	0.0000108727	-0.0000065668	0.0000000011	
4.690000	0.0000003818	-0.0000005824	0.0017451129	0.0000000305	-0.0000000464	-0.0978330661	56.9000000000	0.0000178427	0.0000273142	0.0000109108	-0.0000066072	0.0000000011	
4.700000	0.0000003808	-0.0000005830	0.0017451129	0.0000000305	-0.0000000466	-0.0978330661	57.0000000000	0.0000178330	0.0000274036	0.0000109489	-0.0000066477	0.0000000011	
4.710000	0.0000003798	-0.0000005837	0.0017451129	0.0000000305	-0.0000000467	-0.0978330661	57.1000000000	0.0000178230	0.0000274931	0.0000109870	-0.0000066884	0.0000000011	
4.720000	0.0000003788	-0.0000005844	0.0017451129	0.0000000304	-0.0000000469	-0.0978330661	57.2000000000	0.0000178128	0.0000275827	0.0000110251	-0.0000067293	0.0000000011	
4.730000	0.0000003777	-0.0000005850	0.0017451129	0.0000000304	-0.0000000470	-0.0978330661	57.3000000000	0.0000178023	0.0000276723	0.0000110633	-0.0000067703	0.0000000011	
4.740000	0.0000003767	-0.0000005857	0.0017451129	0.0000000304	-0.0000000472	-0.0978330661	57.4000000000	0.0000177915	0.0000277620	0.0000111014	-0.0000068115	0.0000000011	
4.750000	0.0000003757	-0.0000005863	0.0017451129	0.0000000304	-0.0000000473	-0.0978330661	57.5000000000	0.0000177805	0.0000278517	0.0000111396	-0.0000068528	0.0000000012	
4.760000	0.0000003747	-0.0000005870	0.0017451129	0.0000000304	-0.0000000475	-0.0978330661	57.6000000000	0.0000177693	0.0000279414	0.0000111777	-0.0000068943	0.0000000012	
4.770000	0.0000003737	-0.0000005876	0.0017451129	0.0000000304	-0.0000000476	-0.0978330661	57.7000000000	0.0000177577	0.0000280312	0.0000112159	-0.0000069359	0.0000000012	
4.780000	0.0000003726	-0.0000005883	0.0017451129	0.0000000303	-0.0000000478	-0.0978330661	57.8000000000	0.0000177459	0.0000281211	0.0000112541	-0.0000069777	0.0000000012	
4.790000	0.0000003716	-0.0000005890	0.0017451129	0.0000000303	-0.0000000479	-0.0978330661	57.9000000000	0.0000177339	0.0000282110	0.0000112922	-0.0000070197	0.0000000012	
4.800000	0.0000003706	-0.0000005896	0.0017451129	0.0000000303	-0.0000000481	-0.0978330661	58.0000000000	0.0000177216	0.0000283009	0.0000113304	-0.0000070618	0.0000000012	
4.810000	0.0000003695	-0.0000005902	0.0017451129	0.0000000303	-0.0000000482	-0.0978330661	58.1000000000	0.0000177090	0.0000283909	0.0000113686	-0.0000071040	0.0000000012	
4.820000	0.0000003685	-0.0000005909	0.0017451129	0.0000000302	-0.0000000484	-0.0978330661	58.2000000000	0.0000176962	0.0000284809	0.0000114068	-0.0000071464	0.0000000012	
4.830000	0.0000003675	-0.0000005915	0.0017451129	0.0000000302	-0.0000000486	-0.0978330661	58.3000000000	0.0000176831	0.0000285709	0.0000114450	-0.0000071890	0.0000000012	
4.840000	0.0000003664	-0.0000005922	0.0017451129	0.0000000302	-0.0000000487	-0.0978330661	58.4000000000	0.0000176698	0.0000286610	0.0000114832	-0.0000072317	0.0000000012	
4.850000	0.0000003654	-0.0000005928	0.0017451129	0.0000000302	-0.0000000489	-0.0978330661	58.5000000000	0.0000176562	0.0000287512	0.0000115214	-0.0000072746	0.0000000013	
4.860000	0.0000003644	-0.0000005934	0.0017451129	0.0000000302	-0.0000000490	-0.0978330661	58.6000000000	0.0000176423	0.0000288414	0.0000115597	-0.0000073176	0.0000000013	
4.870000	0.0000003633	-0.0000005941	0.0017451129	0.0000000301	-0.0000000492	-0.0978330661	58.7000000000	0.0000176282	0.0000289316	0.0000115979	-0.0000073608	0.0000000013	
4.880000	0.0000003623	-0.0000005947	0.0017451129	0.0000000301	-0.0000000493	-0.0978330661	58.8000000000	0.0000176138	0.0000290218	0.0000116361	-0.0000074041	0.0000000013	
4.890000	0.0000003613	-0.0000005953	0.0017451129	0.0000000301	-0.0000000495	-0.0978330661	58.9000000000	0.0000175991	0.0000291121	0.0000116743	-0.0000074476	0.0000000013	
4.900000	0.0000003602	-0.0000005960	0.0017451129	0.0000000301	-0.0000000496	-0.0978330661	59.0000000000	0.0000175842	0.0000292025	0.0000117125	-0.0000074913	0.0000000013	
4.910000	0.0000003592	-0.0000005966	0.0017451129	0.0000000300	-0.0000000498	-0.0978330661	59.1000000000	0.0000175690	0.0000292928	0.0000117508	-0.0000075351	0.0000000013	
4.920000	0.0000003581	-0.0000005972	0.0017451129	0.0000000300	-0.0000000499	-0.0978330661	59.2000000000	0.0000175536	0.0000293832	0.0000117890	-0.0000075791	0.0000000013	
4.930000	0.0000003571	-0.0000005979	0.0017451129	0.0000000300	-0.0000000501	-0.0978330661	59.3000000000	0.0000175379	0.0000294737	0.0000118272	-0.0000076232	0.0000000013	
4.940000	0.0000003561	-0.0000005985	0.0017451129	0.0000000300	-0.0000000502	-0.0978330661	59.4000000000	0.0000175219	0.0000295641	0.0000118655	-0.0000076675	0.0000000013	
4.950000	0.0000003550	-0.0000005991	0.0017451129	0.0000000299	-0.0000000504	-0.0978330661	59.5000000000	0.0000175057	0.0000296546	0.0000119037	-0.0000077119	0.0000000014	
4.960000	0.0000003540	-0.0000005997	0.0017451129	0.0000000299	-0.0000000506	-0.0978330661	59.6000000000	0.0000174892	0.0000297452	0.0000119419	-0.0000077565	0.0000000014	
4.970000	0.0000003529	-0.0000006003	0.0017451129	0.0000000299	-0.0000000507	-0.0978330661	59.7000000000	0.0000174725	0.0000298357	0.0000119802	-0.0000078012	0.0000000014	
4.980000	0.0000003519	-0.0000006009	0.0017451129	0.0000000298	-0.0000000509	-0.0978330661	59.8000000000	0.0000174554	0.0000299264	0.0000120184	-0.0000078461	0.0000000014	
4.990000	0.0000003508	-0.0000006016	0.0017451129	0.0000000298	-0.0000000510	-0.0978330661	59.9000000000	0.0000174382	0.0000300170	0.0000120566	-0.0000078912	0.0000000014	
5.000000	0.0000003498	-0.0000006022	0.0017451129	0.0000000298	-0.0000000512	-0.0978330661	60.0000000000	0.0000174206	0.0000301077	0.0000120949	-0.0000079364	0.0000000014	
5.010000	0.0000003487	-0.0000006028	0.0017451129	0.0000000298	-0.0000000513	-0.0978330661	60.1000000000	0.0000174028	0.0000301983	0.0000121331	-0.0000079818	0.0000000014	
5.020000	0.0000003477	-0.0000006034	0.0017451129	0.0000000297	-0.0000000515	-0.0978330661	60.2000000000	0.0000173848	0.0000302891	0.0000121713	-0.0000080273	0.0000000014	
5.030000	0.0000003466	-0.0000006040	0.0017451129	0.0000000297	-0.0000000516	-0.0978330661	60.3000000000	0.0000173664	0.0000303798	0.0000122095	-0.0000080730	0.0000000014	
5.040000	0.0000003456	-0.0000006046	0.0017451129	0.0000000297	-0.0000000518	-0.0978330661	60.4000000000	0.0000173478	0.0000304706	0.0000122477	-0.0000081189	0.0000000015	
5.050000	0.0000003445	-0.0000006052	0.0017451129	0.0000000296	-0.0000000520	-0.0978330661	60.5000000000	0.0000173290	0.0000305614	0.0000122860	-0.0000081649	0.0000000015	
5.060000	0.0000003434	-0.0000006058	0.0017451129	0.0000000296	-0.0000000521	-0.0978330661	60.6000000000	0.0000173098	0.0000306522	0.0000123242	-0.0000082111	0.0000000015	
5.070000	0.0000003424	-0.0000006064	0.0017451129	0.0000000296	-0.0000000523	-0.0978330661	60.7000000000	0.0000172905	0.0000307431	0.0000123624	-0.0000082574	0.0000000015	
5.080000	0.0000003413	-0.0000006070	0.0017451129	0.0000000295	-0.0000000524	-0.0978330661	60.8000000000	0.0000172708	0.0000308340	0.0000124006	-0.0000083039	0.0000000015	
5.090000	0.0000003403	-0.0000006076	0.0017451129	0.0000000295	-0.0000000526	-0.0978330661	60.9000000000	0.0000172509	0.0000309249	0.0000124388	-0.0000083505	0.0000000015	
5.100000	0.0000003392	-0.0000006082	0.0017451129	0.0000000295	-0.0000000527	-0.0978330661	61.0000000000	0.0000172307	0.0000310158	0.0000124769	-0.0000083973	0.0000000015	
5.110000	0.0000003381	-0.0000006088	0.0017451129	0.0000000294	-0.0000000529	-0.0978330661	61.1000000000	0.0000172103	0.0000311068	0.0000125151	-0.0000084443	0.0000000015	
5.120000	0.0000003371	-0.0000006094	0.0017451129	0.0000000294	-0.0000000530	-0.0978330661	61.2000000000	0.0000171896	0.0000311978	0.0000125533	-0.0000084914	0.0000000015	
5.130000	0.0000003360	-0.0000006100	0.0017451129	0.0000000294	-0.0000000532	-0.0978330661	61.3000000000	0.0000171686	0.0000312888	0.0000125915	-0.0000085387	0.0000000016	
5.140000	0.0000003350	-0.0000006105	0.0017451129	0.0000000293	-0.0000000533	-0.0978330661	61.4000000000	0.0000171473	0.0000313798	0.0000126296	-0.0000085861	0.0000000016	
5.150000	0.0000003339	-0.0000006111	0.0017451129	0.0000000293	-0.0000000535	-0.0978330661	61.5000000000	0.0000171258	0.0000314709	0.0000126678	-0.0000086337	0.0000000016	
5.160000	0.0000003328	-0.0000006117	0.0017451129	0.0000000293	-0.0000000537	-0.0978330661	61.6000000000	0.0000171041	0.0000315619	0.0000127059	-0.0000086815	0.0000000016	
5.170000	0.0000003318	-0.0000006123	0.0017451129	0.0000000292	-0.0000000538	-0.0978330661	61.7000000000	0.0000170820	0.0000316530	0.0000127440	-0.0000087294	0.0000000016	
5.180000	0.0000003307	-0.0000006129	0.0017451129	0.0000000292	-0.0000000540	-0.0978330661	61.8000000000	0.0000170597	0.0000317441	0.0000127821	-0.0000087775	0.0000000016	
5.190000	0.0000003296	-0.0000006134	0.0017451129	0.0000000291	-0.0000000541	-0.0978330661	61.9000000000	0.0000170371	0.0000318353	0.0000128203	-0.0000088257	0.0000000016	
5.200000	0.0000003285	-0.0000006140	0.0017451129	0.0000000291	-0.0000000543	-0.0978330661	62.0000000000	0.0000170143	0.0000319264	0.0000128584	-0.0000088741	0.0000000016	
5.210000	0.0000003275	-0.0000006146	0.0017451129	0.0000000291	-0.0000000544	-0.0978330661	62.1000000000	0.0000169912	0.0000320176	0.0000128964	-0.0000089227	0.0000000017	
5.220000	0.0000003264	-0.0000006152	0.0017451129	0.0000000290	-0.0000000546	-0.0978330661	62.2000000000	0.0000169678	0.0000321087	0.0000129345	-0.0000089714	0.0000000017	
5.230000	0.0000003253	-0.0000006157	0.0017451129	0.0000000290	-0.0000000547	-0.0978330661	62.3000000000	0.0000169442	0.0000321999	0.0000129726	-0.0000090202	0.0000000017	
5.240000	0.0000003242	-0.0000006163	0.0017451129	0.0000000290	-0.0000000549	-0.0978330661	62.4000000000	0.0000169203	0.0000322911	0.0000130106	-0.0000090693	0.0000000017	
5.250000	0.0000003232	-0.0000006169	0.0017451129	0.0000000289	-0.0000000551	-0.0978330661	62.5000000000	0.0000168961	0.0000323824	0.0000130487	-0.0000091185	0.0000000017	
5.260000	0.0000003221	-0.0000006174	0.0017451129	0.0000000289	-0.0000000552	-0.0978330661	62.6000000000	0.0000168717	0.0000324736	0.0000130867	-0.0000091678	0.0000000017	
5.270000	0.0000003210	-0.0000006180	0.0017451129	0.0000000288	-0.0000000554	-0.0978330661	62.7000000000	0.0000168470	0.0000325648	0.0000131247	-0.0000092174	0.0000000017	
5.280000	0.0000003199	-0.0000006185	0.0017451129	0.0000000288	-0.0000000555	-0.0978330661	62.8000000000	0.0000168220	0.0000326561	0.0000131627	-0.0000092670	0.0000000017	
5.290000	0.0000003189	-0.0000006191	0.0017451129	0.0000000287	-0.0000000557	-0.0978330661	62.9000000000	0.0000167968	0.0000327474	0.0000132007	-0.0000093169	0.0000000018	
5.300000	0.0000003178	-0.0000006197	0.0017451129	0.0000000287	-0.0000000558	-0.0978330661	63.0000000000	0.0000167713	0.0000328387	0.0000132386	-0.0000093669	0.0000000018	
5.310000	0.0000003167	-0.0000006202	0.0017451129	0.0000000287	-0.0000000560	-0.0978330661	63.1000000000	0.0000167455	0.0000329300	0.0000132766	-0.0000094170	0.0000000018	
5.320000	0.0000003156	-0.0000006208	0.0017451129	0.0000000286	-0.0000000562	-0.0978330661	63.2000000000	0.0000167194	0.0000330213	0.0000133145	-0.0000094674	0.0000000018	
5.330000	0.0000003145	-0.0000006213	0.0017451129	0.0000000286	-0.0000000563	-0.0978330661	63.3000000000	0.0000166931	0.0000331126	0.0000133524	-0.0000095178	0.0000000018	
5.340000	0.0000003134	-0.0000006219	0.0017451129	0.0000000285	-0.0000000565	-0.0978330661	63.4000000000	0.0000166665	0.0000332039	0.0000133903	-0.0000095685	0.0000000018	
5.350000	0.0000003124	-0.0000006224	0.0017451129	0.0000000285	-0.0000000566	-0.0978330661	63.5000000000	0.0000166397	0.0000332952	0.0000134282	-0.0000096193	0.0000000018	
5.360000	0.0000003113	-0.0000006229	0.0017451129	0.0000000284	-0.0000000568	-0.0978330661	63.6000000000	0.0000166126	0.0000333866	0.0000134661	-0.0000096703	0.0000000019	
5.370000	0.0000003102	-0.0000006235	0.0017451129	0.0000000284	-0.0000000569	-0.0978330661	63.7000000000	0.0000165852	0.0000334779	0.0000135039	-0.0000097214	0.0000000019	
5.380000	0.0000003091	-0.0000006240	0.0017451129	0.0000000283	-0.0000000571	-0.0978330661	63.8000000000	0.0000165576	0.0000335693	0.0000135418	-0.0000097727	0.0000000019	
5.390000	0.0000003080	-0.0000006246	0.0017451129	0.0000000283	-0.0000000572	-0.0978330661	63.9000000000	0.0000165296	0.0000336606	0.0000135796	-0.0000098241	0.0000000019	
5.400000	0.0000003069	-0.0000006251	0.0017451129	0.0000000282	-0.0000000574	-0.0978330661	64.0000000000	0.0000165014	0.0000337520	0.0000136174	-0.0000098757	0.0000000019	
5.410000	0.0000003058	-0.0000006256	0.0017451129	0.0000000282	-0.0000000576	-0.0978330661	64.1000000000	0.0000164730	0.0000338433	0.0000136551	-0.0000099275	0.0000000019	
5.420000	0.0000003047	-0.0000006262	0.0017451129	0.0000000282	-0.0000000577	-0.0978330661	64.2000000000	0.0000164443	0.0000339347	0.0000136929	-0.0000099795	0.0000000019	
5.430000	0.0000003036	-0.0000006267	0.0017451129	0.0000000281	-0.0000000579	-0.0978330661	64.3000000000	0.0000164153	0.0000340261	0.0000137306	-0.0000100316	0.0000000019	
5.440000	0.0000003025	-0.0000006272	0.0017451129	0.0000000281	-0.0000000580	-0.0978330661	64.4000000000	0.0000163860	0.0000341174	0.0000137683	-0.0000100838	0.0000000020	
5.450000	0.0000003014	-0.0000006278	0.0017451129	0.0000000280	-0.0000000582	-0.0978330661	64.5000000000	0.0000163565	0.0000342088	0.0000138060	-0.0000101363	0.0000000020	
5.460000	0.0000003003	-0.0000006283	0.0017451129	0.0000000280	-0.0000000583	-0.0978330661	64.6000000000	0.0000163267	0.0000343002	0.0000138437	-0.0000101888	0.0000000020	
5.470000	0.0000002993	-0.0000006288	0.0017451129	0.0000000279	-0.0000000585	-0.0978330661	64.7000000000	0.0000162966	0.0000343916	0.0000138813	-0.0000102416	0.0000000020	
5.480000	0.0000002982	-0.0000006293	0.0017451129	0.0000000279	-0.0000000586	-0.0978330661	64.8000000000	0.0000162663	0.0000344829	0.0000139189	-0.0000102945	0.0000000020	
5.490000	0.0000002971	-0.0000006298	0.0017451129	0.0000000278	-0.0000000588	-0.0978330661	64.9000000000	0.0000162357	0.0000345743	0.0000139565	-0.0000103476	0.0000000020	
5.500000	0.0000002960	-0.0000006304	0.0017451129	0.0000000277	-0.0000000590	-0.0978330661	65.0000000000	0.0000162048	0.0000346657	0.0000139941	-0.0000104008	0.0000000020	
5.510000	0.0000002949	-0.0000006309	0.0017451129	0.0000000277	-0.0000000591	-0.0978330661	65.1000000000	0.0000161736	0.0000347570	0.0000140316	-0.0000104542	0.0000000021	
5.520000	0.0000002938	-0.0000006314	0.0017451129	0.0000000276	-0.0000000593	-0.0978330661	65.2000000000	0.0000161422	0.0000348484	0.0000140692	-0.0000105078	0.0000000021	
5.530000	0.0000002927	-0.0000006319	0.0017451129	0.0000000276	-0.0000000594	-0.0978330661	65.3000000000	0.0000161105	0.0000349398	0.0000141067	-0.0000105615	0.0000000021	
5.540000	0.0000002915	-0.0000006324	0.0017451129	0.0000000275	-0.0000000596	-0.0978330661	65.4000000000	0.0000160786	0.0000350311	0.0000141441	-0.0000106154	0.0000000021	
5.550000	0.0000002904	-0.0000006329	0.0017451129	0.0000000275	-0.0000000597	-0.0978330661	65.5000000000	0.0000160463	0.0000351225	0.0000141816	-0.0000106694	0.0000000021	
5.560000	0.0000002893	-0.0000006334	0.0017451129	0.0000000274	-0.0000000599	-0.0978330661	65.6000000000	0.0000160139	0.0000352138	0.0000142190	-0.0000107237	0.0000000021	
5.570000	0.0000002882	-0.0000006339	0.0017451129	0.0000000274	-0.0000000600	-0.0978330661	65.7000000000	0.0000159811	0.0000353052	0.0000142564	-0.0000107780	0.0000000021	
5.580000	0.0000002871	-0.0000006344	0.0017451129	0.0000000273	-0.0000000602	-0.0978330661	65.8000000000	0.0000159480	0.0000353965	0.0000142937	-0.0000108326	0.0000000022	
5.590000	0.0000002860	-0.0000006349	0.0017451129	0.0000000273	-0.0000000604	-0.0978330661	65.9000000000	0.0000159147	0.0000354878	0.0000143311	-0.0000108873	0.0000000022	
5.600000	0.0000002849	-0.0000006354	0.0017451129	0.0000000272	-0.0000000605	-0.0978330661	66.0000000000	0.0000158812	0.0000355791	0.0000143684	-0.0000109422	0.0000000022	
5.610000	0.0000002838	-0.0000006359	0.0017451129	0.0000000271	-0.0000000607	-0.0978330661	66.1000000000	0.0000158473	0.0000356704	0.0000144056	-0.0000109972	0.0000000022	
5.620000	0.0000002827	-0.0000006364	0.0017451129	0.0000000271	-0.0000000608	-0.0978330661	66.2000000000	0.0000158132	0.0000357617	0.0000144429	-0.0000110524	0.0000000022	
5.630000	0.0000002816	-0.0000006369	0.0017451129	0.0000000270	-0.0000000610	-0.0978330661	66.3000000000	0.0000157788	0.0000358530	0.0000144801	-0.0000111077	0.0000000022	
5.640000	0.0000002805	-0.0000006374	0.0017451129	0.0000000270	-0.0000000611	-0.0978330661	66.4000000000	0.0000157441	0.0000359443	0.0000145173	-0.0000111633	0.0000000023	
5.650000	0.0000002794	-0.0000006379	0.0017451129	0.0000000269	-0.0000000613	-0.0978330661	66.5000000000	0.0000157092	0.0000360355	0.0000145544	-0.0000112190	0.0000000023	
5.660000	0.0000002782	-0.0000006384	0.0017451129	0.0000000269	-0.0000000615	-0.0978330661	66.6000000000	0.0000156740	0.0000361268	0.0000145916	-0.0000112748	0.0000000023	
5.670000	0.0000002771	-0.0000006389	0.0017451129	0.0000000268	-0.0000000616	-0.0978330661	66.7000000000	0.0000156385	0.0000362180	0.0000146287	-0.0000113308	0.0000000023	
5.680000	0.0000002760	-0.0000006393	0.0017451129	0.0000000267	-0.0000000618	-0.0978330661	66.8000000000	0.0000156028	0.0000363092	0.0000146657	-0.0000113870	0.0000000023	
5.690000	0.0000002749	-0.0000006398	0.0017451129	0.0000000267	-0.0000000619	-0.0978330661	66.9000000000	0.0000155668	0.0000364004	0.0000147027	-0.0000114433	0.0000000023	
5.700000	0.0000002738	-0.0000006403	0.0017451129	0.0000000266	-0.0000000621	-0.0978330661	67.0000000000	0.0000155305	0.0000364916	0.0000147397	-0.0000114998	0.0000000024	
5.710000	0.0000002727	-0.0000006408	0.0017451129	0.0000000265	-0.0000000622	-0.0978330661	67.1000000000	0.0000154940	0.0000365828	0.0000147767	-0.0000115565	0.0000000024	
5.720000	0.0000002715	-0.0000006413	0.0017451129	0.0000000265	-0.0000000624	-0.0978330661	67.2000000000	0.0000154571	0.0000366740	0.0000148136	-0.0000116133	0.0000000024	
5.730000	0.0000002704	-0.0000006417	0.0017451129	0.0000000264	-0.0000000625	-0.0978330661	67.3000000000	0.0000154200	0.0000367651	0.0000148505	-0.0000116703	0.0000000024	
5.740000	0.0000002693	-0.0000006422	0.0017451129	0.0000000264	-0.0000000627	-0.0978330661	67.4000000000	0.0000153827	0.0000368562	0.0000148874	-0.0000117275	0.0000000024	
5.750000	0.0000002682	-0.0000006427	0.0017451129	0.0000000263	-0.0000000629	-0.0978330661	67.5000000000	0.0000153450	0.0000369473	0.0000149242	-0.0000117848	0.0000000024	
5.760000	0.0000002671	-0.0000006431	0.0017451129	0.0000000262	-0.0000000630	-0.0978330661	67.6000000000	0.0000153071	0.0000370384	0.0000149610	-0.0000118423	0.0000000024	
5.770000	0.0000002659	-0.0000006436	0.0017451129	0.0000000262	-0.0000000632	-0.0978330661	67.7000000000	0.0000152689	0.0000371295	0.0000149977	-0.0000119000	0.0000000025	
5.780000	0.0000002648	-0.0000006441	0.0017451129	0.0000000261	-0.0000000633	-0.0978330661	67.8000000000	0.0000152305	0.0000372205	0.0000150344	-0.0000119578	0.0000000025	
5.790000	0.0000002637	-0.0000006445	0.0017451129	0.0000000260	-0.0000000635	-0.0978330661	67.9000000000	0.0000151917	0.0000373115	0.0000150711	-0.0000120158	0.0000000025	
5.800000	0.0000002626	-0.0000006450	0.0017451129	0.0000000260	-0.0000000636	-0.0978330661	68.0000000000	0.0000151528	0.0000374026	0.0000151077	-0.0000120739	0.0000000025	
5.810000	0.0000002614	-0.0000006454	0.0017451129	0.0000000259	-0.0000000638	-0.0978330661	68.1000000000	0.0000151135	0.0000374935	0.0000151443	-0.0000121322	0.0000000025	
5.820000	0.0000002603	-0.0000006459	0.0017451129	0.0000000258	-0.0000000639	-0.0978330661	68.2000000000	0.0000150739	0.0000375845	0.0000151809	-0.0000121907	0.0000000025	
5.830000	0.0000002592	-0.0000006464	0.0017451129	0.0000000258	-0.0000000641	-0.0978330661	68.3000000000	0.0000150341	0.0000376754	0.0000152174	-0.0000122494	0.0000000026	
5.840000	0.0000002580	-0.0000006468	0.0017451129	0.0000000257	-0.0000000643	-0.0978330661	68.4000000000	0.0000149941	0.0000377663	0.0000152539	-0.0000123082	0.0000000026	
5.850000	0.0000002569	-0.0000006473	0.0017451129	0.0000000256	-0.0000000644	-0.0978330661	68.5000000000	0.0000149537	0.0000378572	0.0000152903	-0.0000123671	0.0000000026	
5.860000	0.0000002558	-0.0000006477	0.0017451129	0.0000000256	-0.0000000646	-0.0978330661	68.6000000000	0.0000149131	0.0000379481	0.0000153267	-0.0000124263	0.0000000026	
5.870000	0.0000002547	-0.0000006481	0.0017451129	0.0000000255	-0.0000000647	-0.0978330661	68.7000000000	0.0000148722	0.0000380389	0.0000153630	-0.0000124856	0.0000000026	
5.880000	0.0000002535	-0.0000006486	0.0017451129	0.0000000254	-0.0000000649	-0.0978330661	68.8000000000	0.0000148310	0.0000381297	0.0000153994	-0.0000125450	0.0000000027	
5.890000	0.0000002524	-0.0000006490	0.0017451129	0.0000000254	-0.0000000650	-0.0978330661	68.9000000000	0.0000147896	0.0000382205	0.0000154356	-0.0000126047	0.0000000027	
5.900000	0.0000002513	-0.0000006495	0.0017451129	0.0000000253	-0.0000000652	-0.0978330661	69.0000000000	0.0000147479	0.0000383112	0.0000154719	-0.0000126645	0.0000000027	
5.910000	0.0000002501	-0.0000006499	0.0017451129	0.0000000252	-0.0000000653	-0.0978330661	69.1000000000	0.0000147059	0.0000384019	0.0000155080	-0.0000127244	0.0000000027	
5.920000	0.0000002490	-0.0000006503	0.0017451129	0.0000000251	-0.0000000655	-0.0978330661	69.2000000000	0.0000146636	0.0000384926	0.0000155442	-0.0000127846	0.0000000027	
5.930000	0.0000002479	-0.0000006508	0.0017451129	0.0000000251	-0.0000000656	-0.0978330661	69.3000000000	0.0000146211	0.0000385833	0.0000155803	-0.0000128449	0.0000000027	
5.940000	0.0000002467	-0.0000006512	0.0017451129	0.0000000250	-0.0000000658	-0.0978330661	69.4000000000	0.0000145783	0.0000386739	0.0000156163	-0.0000129053	0.0000000028	
5.950000	0.0000002456	-0.0000006516	0.0017451129	0.0000000249	-0.0000000660	-0.0978330661	69.5000000000	0.0000145352	0.0000387645	0.0000156523	-0.0000129659	0.0000000028	
5.960000	0.0000002444	-0.0000006521	0.0017451129	0.0000000249	-0.0000000661	-0.0978330661	69.6000000000	0.0000144919	0.0000388550	0.0000156883	-0.0000130267	0.0000000028	
5.970000	0.0000002433	-0.0000006525	0.0017451129	0.0000000248	-0.0000000663	-0.0978330661	69.7000000000	0.0000144483	0.0000389455	0.0000157242	-0.0000130877	0.0000000028	
5.980000	0.0000002422	-0.0000006529	0.0017451129	0.0000000247	-0.0000000664	-0.0978330661	69.8000000000	0.0000144044	0.0000390360	0.0000157601	-0.0000131488	0.0000000028	
5.990000	0.0000002410	-0.0000006533	0.0017451129	0.0000000246	-0.0000000666	-0.0978330661	69.9000000000	0.0000143602	0.0000391265	0.0000157959	-0.0000132101	0.0000000028	
6.000000	0.0000002399	-0.0000006538	0.0017451129	0.0000000246	-0.0000000667	-0.0978330661	70.0000000000	0.0000143158	0.0000392169	0.0000158317	-0.0000132715	0.0000000029	
6.010000	0.0000002387	-0.0000006542	0.0017451129	0.0000000245	-0.0000000669	-0.0978330661	70.1000000000	0.0000142711	0.0000393073	0.0000158674	-0.0000133331	0.0000000029	
6.020000	0.0000002376	-0.0000006546	0.0017451129	0.0000000244	-0.0000000670	-0.0978330661	70.2000000000	0.0000142261	0.0000393976	0.0000159031	-0.0000133949	0.0000000029	
6.030000	0.0000002365	-0.0000006550	0.0017451129	0.0000000243	-0.0000000672	-0.0978330661	70.3000000000	0.0000141809	0.0000394879	0.0000159388	-0.0000134568	0.0000000029	
6.040000	0.0000002353	-0.0000006554	0.0017451129	0.0000000243	-0.0000000673	-0.0978330661	70.4000000000	0.0000141353	0.0000395782	0.0000159743	-0.0000135189	0.0000000029	
6.050000	0.0000002342	-0.0000006558	0.0017451129	0.0000000242	-0.0000000675	-0.0978330661	70.5000000000	0.0000140896	0.0000396685	0.0000160099	-0.0000135812	0.0000000030	
6.060000	0.0000002330	-0.0000006562	0.0017451129	0.0000000241	-0.0000000677	-0.0978330661	70.6000000000	0.0000140435	0.0000397586	0.0000160454	-0.0000136437	0.0000000030	
6.070000	0.0000002319	-0.0000006566	0.0017451129	0.0000000240	-0.0000000678	-0.0978330661	70.7000000000	0.0000139972	0.0000398488	0.0000160808	-0.0000137063	0.0000000030	
6.080000	0.0000002307	-0.0000006570	0.0017451129	0.0000000239	-0.0000000680	-0.0978330661	70.8000000000	0.0000139505	0.0000399389	0.0000161162	-0.0000137690	0.0000000030	
6.090000	0.0000002296	-0.0000006574	0.0017451129	0.0000000239	-0.0000000681	-0.0978330661	70.9000000000	0.0000139037	0.0000400290	0.0000161515	-0.0000138320	0.0000000030	
6.100000	0.0000002284	-0.0000006578	0.0017451129	0.0000000238	-0.0000000683	-0.0978330661	71.0000000000	0.0000138565	0.0000401190	0.0000161868	-0.0000138951	0.0000000031	
6.110000	0.0000002273	-0.0000006582	0.0017451129	0.0000000237	-0.0000000684	-0.0978330661	71.1000000000	0.0000138091	0.0000402090	0.0000162220	-0.0000139583	0.0000000031	
6.120000	0.0000002261	-0.0000006586	0.0017451129	0.0000000236	-0.0000000686	-0.0978330661	71.2000000000	0.0000137614	0.0000402989	0.0000162572	-0.0000140218	0.0000000031	
6.130000	0.0000002250	-0.0000006590	0.0017451129	0.0000000235	-0.0000000687	-0.0978330661	71.3000000000	0.0000137134	0.0000403888	0.0000162923	-0.0000140854	0.0000000031	
6.140000	0.0000002238	-0.0000006594	0.0017451129	0.0000000235	-0.0000000689	-0.0978330661	71.4000000000	0.0000136652	0.0000404787	0.0000163274	-0.0000141491	0.0000000031	
6.150000	0.0000002227	-0.0000006598	0.0017451129	0.0000000234	-0.0000000690	-0.0978330661	71.5000000000	0.0000136167	0.0000405685	0.0000163624	-0.0000142130	0.0000000032	
6.160000	0.0000002215	-0.0000006602	0.0017451129	0.0000000233	-0.0000000692	-0.0978330661	71.6000000000	0.0000135679	0.0000406583	0.0000163974	-0.0000142771	0.0000000032	
6.170000	0.0000002204	-0.0000006606	0.0017451129	0.0000000232	-0.0000000693	-0.0978330661	71.7000000000	0.0000135188	0.0000407480	0.0000164323	-0.0000143414	0.0000000032	
6.180000	0.0000002192	-0.0000006610	0.0017451129	0.0000000231	-0.0000000695	-0.0978330661	71.8000000000	0.0000134695	0.0000408376	0.0000164671	-0.0000144058	0.0000000032	
6.190000	0.0000002181	-0.0000006614	0.0017451129	0.0000000230	-0.0000000697	-0.0978330661	71.9000000000	0.0000134199	0.0000409273	0.0000165019	-0.0000144704	0.0000000032	
6.200000	0.0000002169	-0.0000006617	0.0017451129	0.0000000230	-0.0000000698	-0.0978330661	72.0000000000	0.0000133701	0.0000410168	0.0000165366	-0.0000145352	0.0000000033	
6.210000	0.0000002158	-0.0000006621	0.0017451129	0.0000000229	-0.0000000700	-0.0978330661	72.1000000000	0.0000133199	0.0000411063	0.0000165713	-0.0000146001	0.0000000033	
6.220000	0.0000002146	-0.0000006625	0.0017451129	0.0000000228	-0.0000000701	-0.0978330661	72.2000000000	0.0000132695	0.0000411958	0.0000166059	-0.0000146652	0.0000000033	
6.230000	0.0000002135	-0.0000006629	0.0017451129	0.0000000227	-0.0000000703	-0.0978330661	72.3000000000	0.0000132188	0.0000412852	0.0000166405	-0.0000147304	0.0000000033	
6.240000	0.0000002123	-0.0000006632	0.0017451129	0.0000000226	-0.0000000704	-0.0978330661	72.4000000000	0.0000131679	0.0000413746	0.0000166750	-0.0000147958	0.0000000033	
6.250000	0.0000002111	-0.0000006636	0.0017451129	0.0000000225	-0.0000000706	-0.0978330661	72.5000000000	0.0000131166	0.0000414639	0.0000167095	-0.0000148614	0.0000000034	
6.260000	0.0000002100	-0.0000006640	0.0017451129	0.0000000224	-0.0000000707	-0.0978330661	72.6000000000	0.0000130651	0.0000415532	0.0000167439	-0.0000149271	0.0000000034	
6.270000	0.0000002088	-0.0000006643	0.0017451129	0.0000000224	-0.0000000709	-0.0978330661	72.7000000000	0.0000130134	0.0000416424	0.0000167782	-0.0000149931	0.0000000034	
6.280000	0.0000002077	-0.0000006647	0.0017451129	0.0000000223	-0.0000000710	-0.0978330661	72.8000000000	0.0000129613	0.0000417315	0.0000168124	-0.0000150591	0.0000000034	
6.290000	0.0000002065	-0.0000006651	0.0017451129	0.0000000222	-0.0000000712	-0.0978330661	72.9000000000	0.0000129090	0.0000418206	0.0000168467	-0.0000151254	0.0000000034	
6.300000	0.0000002053	-0.0000006654	0.0017451129	0.0000000221	-0.0000000713	-0.0978330661	73.0000000000	0.0000128564	0.0000419097	0.0000168808	-0.0000151918	0.0000000035	
6.310000	0.0000002042	-0.0000006658	0.0017451129	0.0000000220	-0.0000000715	-0.0978330661	73.1000000000	0.0000128035	0.0000419987	0.0000169149	-0.0000152584	0.0000000035	
6.320000	0.0000002030	-0.0000006661	0.0017451129	0.0000000219	-0.0000000716	-0.0978330661	73.2000000000	0.0000127504	0.0000420876	0.0000169489	-0.0000153251	0.0000000035	
6.330000	0.0000002019	-0.0000006665	0.0017451129	0.0000000218	-0.0000000718	-0.0978330661	73.3000000000	0.0000126970	0.0000421765	0.0000169829	-0.0000153920	0.0000000035	
6.340000	0.0000002007	-0.0000006668	0.0017451129	0.0000000217	-0.0000000719	-0.0978330661	73.4000000000	0.0000126433	0.0000422653	0.0000170168	-0.0000154591	0.0000000035	
6.350000	0.0000001995	-0.0000006672	0.0017451129	0.0000000216	-0.0000000721	-0.0978330661	73.5000000000	0.0000125894	0.0000423540	0.0000170506	-0.0000155263	0.0000000036	
6.360000	0.0000001984	-0.0000006675	0.0017451129	0.0000000215	-0.0000000722	-0.0978330661	73.6000000000	0.0000125352	0.0000424427	0.0000170844	-0.0000155937	0.0000000036	
6.370000	0.0000001972	-0.0000006679	0.0017451129	0.0000000215	-0.0000000724	-0.0978330661	73.7000000000	0.0000124807	0.0000425314	0.0000171181	-0.0000156613	0.0000000036	
6.380000	0.0000001960	-0.0000006682	0.0017451129	0.0000000214	-0.0000000725	-0.0978330661	73.8000000000	0.0000124259	0.0000426199	0.0000171517	-0.0000157290	0.0000000036	
6.390000	0.0000001949	-0.0000006686	0.0017451129	0.0000000213	-0.0000000727	-0.0978330661	73.9000000000	0.0000123709	0.0000427084	0.0000171853	-0.0000157969	0.0000000037	
6.400000	0.0000001937	-0.0000006689	0.0017451129	0.0000000212	-0.0000000728	-0.0978330661	74.0000000000	0.0000123156	0.0000427969	0.0000172188	-0.0000158649	0.0000000037	
6.410000	0.0000001925	-0.0000006692	0.0017451129	0.0000000211	-0.0000000730	-0.0978330661	74.1000000000	0.0000122600	0.0000428853	0.0000172522	-0.0000159332	0.0000000037	
6.420000	0.0000001914	-0.0000006696	0.0017451129	0.0000000210	-0.0000000732	-0.0978330661	74.2000000000	0.0000122042	0.0000429736	0.0000172856	-0.0000160015	0.0000000037	
6.430000	0.0000001902	-0.0000006699	0.0017451129	0.0000000209	-0.0000000733	-0.0978330661	74.3000000000	0.0000121481	0.0000430619	0.0000173189	-0.0000160701	0.0000000037	
6.440000	0.0000001890	-0.0000006702	0.0017451129	0.0000000208	-0.0000000735	-0.0978330661	74.4000000000	0.0000120917	0.0000431501	0.0000173521	-0.0000161388	0.0000000038	
6.450000	0.0000001879	-0.0000006706	0.0017451129	0.0000000207	-0.0000000736	-0.0978330661	74.5000000000	0.0000120350	0.0000432382	0.0000173853	-0.0000162077	0.0000000038	
6.460000	0.0000001867	-0.0000006709	0.0017451129	0.0000000206	-0.0000000738	-0.0978330661	74.6000000000	0.0000119781	0.0000433262	0.0000174184	-0.0000162768	0.0000000038	
6.470000	0.0000001855	-0.0000006712	0.0017451129	0.0000000205	-0.0000000739	-0.0978330661	74.7000000000	0.0000119209	0.0000434142	0.0000174514	-0.0000163460	0.0000000038	
6.480000	0.0000001843	-0.0000006715	0.0017451129	0.0000000204	-0.0000000741	-0.0978330661	74.8000000000	0.0000118634	0.0000435022	0.0000174844	-0.0000164154	0.0000000039	
6.490000	0.0000001832	-0.0000006719	0.0017451129	0.0000000203	-0.0000000742	-0.0978330661	74.9000000000	0.0000118057	0.0000435900	0.0000175173	-0.0000164849	0.0000000039	
6.500000	0.0000001820	-0.0000006722	0.0017451129	0.0000000202	-0.0000000744	-0.0978330661	75.0000000000	0.0000117477	0.0000436778	0.0000175501	-0.0000165546	0.0000000039	
6.510000	0.0000001808	-0.0000006725	0.0017451129	0.0000000201	-0.0000000745	-0.0978330661	75.1000000000	0.0000116894	0.0000437655	0.0000175828	-0.0000166245	0.0000000039	
6.520000	0.0000001797	-0.0000006728	0.0017451129	0.0000000200	-0.0000000747	-0.0978330661	75.2000000000	0.0000116309	0.0000438532	0.0000176155	-0.0000166945	0.0000000039	
6.530000	0.0000001785	-0.0000006731	0.0017451129	0.0000000199	-0.0000000748	-0.0978330661	75.3000000000	0.0000115720	0.0000439407	0.0000176481	-0.0000167647	0.0000000040	
6.540000	0.0000001773	-0.0000006734	0.0017451129	0.0000000198	-0.0000000750	-0.0978330661	75.4000000000	0.0000115130	0.0000440282	0.0000176807	-0.0000168351	0.0000000040	
6.550000	0.0000001761	-0.0000006737	0.0017451129	0.0000000197	-0.0000000751	-0.0978330661	75.5000000000	0.0000114536	0.0000441157	0.0000177131	-0.0000169056	0.0000000040	
6.560000	0.0000001749	-0.0000006740	0.0017451129	0.0000000196	-0.0000000753	-0.0978330661	75.6000000000	0.0000113940	0.0000442030	0.0000177455	-0.0000169763	0.0000000040	
6.570000	0.0000001738	-0.0000006744	0.0017451129	0.0000000195	-0.0000000754	-0.0978330661	75.7000000000	0.0000113341	0.0000442903	0.0000177778	-0.0000170472	0.0000000041	
6.580000	0.0000001726	-0.0000006747	0.0017451129	0.0000000194	-0.0000000756	-0.0978330661	75.8000000000	0.0000112739	0.0000443775	0.0000178100	-0.0000171182	0.0000000041	
6.590000	0.0000001714	-0.0000006750	0.0017451129	0.0000000193	-0.0000000757	-0.0978330661	75.9000000000	0.0000112134	0.0000444647	0.0000178422	-0.0000171894	0.0000000041	
6.600000	0.0000001702	-0.0000006753	0.0017451129	0.0000000192	-0.0000000758	-0.0978330661	76.0000000000	0.0000111527	0.0000445517	0.0000178743	-0.0000172608	0.0000000041	
6.610000	0.0000001691	-0.0000006756	0.0017451129	0.0000000191	-0.0000000760	-0.0978330661	76.1000000000	0.0000110918	0.0000446387	0.0000179063	-0.0000173323	0.0000000042	
6.620000	0.0000001679	-0.0000006758	0.0017451129	0.0000000190	-0.0000000761	-0.0978330661	76.2000000000	0.0000110305	0.0000447256	0.0000179382	-0.0000174040	0.0000000042	
6.630000	0.0000001667	-0.0000006761	0.0017451129	0.0000000189	-0.0000000763	-0.0978330661	76.3000000000	0.0000109690	0.0000448124	0.0000179701	-0.0000174758	0.0000000042	
6.640000	0.0000001655	-0.0000006764	0.0017451129	0.0000000188	-0.0000000764	-0.0978330661	76.4000000000	0.0000109072	0.0000448992	0.0000180019	-0.0000175478	0.0000000042	
6.650000	0.0000001643	-0.0000006767	0.0017451129	0.0000000187	-0.0000000766	-0.0978330661	76.5000000000	0.0000108451	0.0000449858	0.0000180336	-0.0000176200	0.0000000043	
6.660000	0.0000001632	-0.0000006770	0.0017451129	0.0000000186	-0.0000000767	-0.0978330661	76.6000000000	0.0000107828	0.0000450724	0.0000180652	-0.0000176923	0.0000000043	
6.670000	0.0000001620	-0.0000006773	0.0017451129	0.0000000185	-0.0000000769	-0.0978330661	76.7000000000	0.0000107202	0.0000451589	0.0000180967	-0.0000177648	0.0000000043	
6.680000	0.0000001608	-0.0000006776	0.0017451129	0.0000000184	-0.0000000770	-0.0978330661	76.8000000000	0.0000106573	0.0000452453	0.0000181282	-0.0000178375	0.0000000043	
6.690000	0.0000001596	-0.0000006778	0.0017451129	0.0000000183	-0.0000000772	-0.0978330661	76.9000000000	0.0000105942	0.0000453317	0.0000181596	-0.0000179103	0.0000000044	
6.700000	0.0000001584	-0.0000006781	0.0017451129	0.0000000181	-0.0000000773	-0.0978330661	77.0000000000	0.0000105308	0.0000454180	0.0000181909	-0.0000179833	0.0000000044	
6.710000	0.0000001572	-0.0000006784	0.0017451129	0.0000000180	-0.0000000775	-0.0978330661	77.1000000000	0.0000104671	0.0000455041	0.0000182221	-0.0000180565	0.0000000044	
6.720000	0.0000001561	-0.0000006787	0.0017451129	0.0000000179	-0.0000000776	-0.0978330661	77.2000000000	0.0000104032	0.0000455902	0.0000182533	-0.0000181298	0.0000000044	
6.730000	0.0000001549	-0.0000006789	0.0017451129	0.0000000178	-0.0000000778	-0.0978330661	77.3000000000	0.0000103390	0.0000456762	0.0000182843	-0.0000182033	0.0000000045	
6.740000	0.0000001537	-0.0000006792	0.0017451129	0.0000000177	-0.0000000779	-0.0978330661	77.4000000000	0.0000102745	0.0000457621	0.0000183153	-0.0000182770	0.0000000045	
6.750000	0.0000001525	-0.0000006795	0.0017451129	0.0000000176	-0.0000000781	-0.0978330661	77.5000000000	0.0000102097	0.0000458480	0.0000183462	-0.0000183508	0.0000000045	
6.760000	0.0000001513	-0.0000006797	0.0017451129	0.0000000175	-0.0000000782	-0.0978330661	77.6000000000	0.0000101447	0.0000459337	0.0000183770	-0.0000184248	0.0000000045	
6.770000	0.0000001501	-0.0000006800	0.0017451129	0.0000000174	-0.0000000784	-0.0978330661	77.7000000000	0.0000100794	0.0000460194	0.0000184077	-0.0000184989	0.0000000046	
6.780000	0.0000001489	-0.0000006803	0.0017451129	0.0000000173	-0.0000000785	-0.0978330661	77.8000000000	0.0000100139	0.0000461050	0.0000184384	-0.0000185732	0.0000000046	
6.790000	0.0000001478	-0.0000006805	0.0017451129	0.0000000172	-0.0000000787	-0.0978330661	77.9000000000	0.0000099481	0.0000461905	0.0000184689	-0.0000186477	0.0000000046	
6.800000	0.0000001466	-0.0000006808	0.0017451129	0.0000000170	-0.0000000788	-0.0978330661	78.0000000000	0.0000098820	0.0000462758	0.0000184994	-0.0000187223	0.0000000046	
6.810000	0.0000001454	-0.0000006810	0.0017451129	0.0000000169	-0.0000000789	-0.0978330661	78.1000000000	0.0000098156	0.0000463612	0.0000185298	-0.0000187971	0.0000000047	
6.820000	0.0000001442	-0.0000006813	0.0017451129	0.0000000168	-0.0000000791	-0.0978330661	78.2000000000	0.0000097490	0.0000464464	0.0000185601	-0.0000188721	0.0000000047	
6.830000	0.0000001430	-0.0000006815	0.0017451129	0.0000000167	-0.0000000792	-0.0978330661	78.3000000000	0.0000096821	0.0000465315	0.0000185903	-0.0000189472	0.0000000047	
6.840000	0.0000001418	-0.0000006818	0.0017451129	0.0000000166	-0.0000000794	-0.0978330661	78.4000000000	0.0000096149	0.0000466165	0.0000186204	-0.0000190225	0.0000000047	
6.850000	0.0000001406	-0.0000006820	0.0017451129	0.0000000165	-0.0000000795	-0.0978330661	78.5000000000	0.0000095475	0.0000467015	0.0000186505	-0.0000190979	0.0000000048	
6.860000	0.0000001394	-0.0000006823	0.0017451129	0.0000000164	-0.0000000797	-0.0978330661	78.6000000000	0.0000094798	0.0000467863	0.0000186804	-0.0000191735	0.0000000048	
6.870000	0.0000001382	-0.0000006825	0.0017451129	0.0000000162	-0.0000000798	-0.0978330661	78.7000000000	0.0000094118	0.0000468711	0.0000187103	-0.0000192493	0.0000000048	
6.880000	0.0000001370	-0.0000006828	0.0017451129	0.0000000161	-0.0000000800	-0.0978330661	78.8000000000	0.0000093436	0.0000469557	0.0000187401	-0.0000193253	0.0000000049	
6.890000	0.0000001359	-0.0000006830	0.0017451129	0.0000000160	-0.0000000801	-0.0978330661	78.9000000000	0.0000092751	0.0000470403	0.0000187698	-0.0000194014	0.0000000049	
6.900000	0.0000001347	-0.0000006832	0.0017451129	0.0000000159	-0.0000000802	-0.0978330661	79.0000000000	0.0000092064	0.0000471247	0.0000187994	-0.0000194776	0.0000000049	
6.910000	0.0000001335	-0.0000006835	0.0017451129	0.0000000158	-0.0000000804	-0.0978330661	79.1000000000	0.0000091373	0.0000472091	0.0000188289	-0.0000195540	0.0000000049	
6.920000	0.0000001323	-0.0000006837	0.0017451129	0.0000000157	-0.0000000805	-0.0978330661	79.2000000000	0.0000090680	0.0000472934	0.0000188583	-0.0000196306	0.0000000050	
6.930000	0.0000001311	-0.0000006839	0.0017451129	0.0000000155	-0.0000000807	-0.0978330661	79.3000000000	0.0000089985	0.0000473775	0.0000188876	-0.0000197074	0.0000000050	
6.940000	0.0000001299	-0.0000006842	0.0017451129	0.0000000154	-0.0000000808	-0.0978330661	79.4000000000	0.0000089286	0.0000474616	0.0000189169	-0.0000197843	0.0000000050	
6.950000	0.0000001287	-0.0000006844	0.0017451129	0.0000000153	-0.0000000810	-0.0978330661	79.5000000000	0.0000088585	0.0000475456	0.0000189460	-0.0000198614	0.0000000050	
6.960000	0.0000001275	-0.0000006846	0.0017451129	0.0000000152	-0.0000000811	-0.0978330661	79.6000000000	0.0000087882	0.0000476294	0.0000189750	-0.0000199386	0.0000000051	
6.970000	0.0000001263	-0.0000006848	0.0017451129	0.0000000151	-0.0000000813	-0.0978330661	79.7000000000	0.0000087176	0.0000477132	0.0000190040	-0.0000200160	0.0000000051	
6.980000	0.0000001251	-0.0000006851	0.0017451129	0.0000000149	-0.0000000814	-0.0978330661	79.8000000000	0.0000086467	0.0000477969	0.0000190329	-0.0000200936	0.0000000051	
6.990000	0.0000001239	-0.0000006853	0.0017451129	0.0000000148	-0.0000000815	-0.0978330661	79.9000000000	0.0000085755	0.0000478804	0.0000190616	-0.0000201713	0.0000000052	
7.000000	0.0000001227	-0.0000006855	0.0017451129	0.0000000147	-0.0000000817	-0.0978330661	80.0000000000	0.0000085041	0.0000479639	0.0000190903	-0.0000202492	0.0000000052	
7.010000	0.0000001215	-0.0000006857	0.0017451129	0.0000000146	-0.0000000818	-0.0978330661	80.1000000000	0.0000084324	0.0000480473	0.0000191189	-0.0000203272	0.0000000052	
7.020000	0.0000001203	-0.0000006859	0.0017451129	0.0000000145	-0.0000000820	-0.0978330661	80.2000000000	0.0000083604	0.0000481305	0.0000191474	-0.0000204054	0.0000000052	
7.030000	0.0000001191	-0.0000006861	0.0017451129	0.0000000143	-0.0000000821	-0.0978330661	80.3000000000	0.0000082882	0.0000482137	0.0000191758	-0.0000204838	0.0000000053	
7.040000	0.0000001179	-0.0000006863	0.0017451129	0.0000000142	-0.0000000823	-0.0978330661	80.4000000000	0.0000082157	0.0000482967	0.0000192040	-0.0000205623	0.0000000053	
7.050000	0.0000001167	-0.0000006865	0.0017451129	0.0000000141	-0.0000000824	-0.0978330661	80.5000000000	0.0000081430	0.0000483797	0.0000192322	-0.0000206410	0.0000000053	
7.060000	0.0000001155	-0.0000006867	0.0017451129	0.0000000140	-0.0000000825	-0.0978330661	80.6000000000	0.0000080700	0.0000484625	0.0000192603	-0.0000207198	0.0000000054	
7.070000	0.0000001143	-0.0000006869	0.0017451129	0.0000000138	-0.0000000827	-0.0978330661	80.7000000000	0.0000079967	0.0000485452	0.0000192883	-0.0000207989	0.0000000054	
7.080000	0.0000001131	-0.0000006871	0.0017451129	0.0000000137	-0.0000000828	-0.0978330661	80.8000000000	0.0000079232	0.0000486278	0.0000193162	-0.0000208780	0.0000000054	
7.090000	0.0000001119	-0.0000006873	0.0017451129	0.0000000136	-0.0000000830	-0.0978330661	80.9000000000	0.0000078494	0.0000487103	0.0000193440	-0.0000209574	0.0000000054	
7.100000	0.0000001107	-0.0000006875	0.0017451129	0.0000000135	-0.0000000831	-0.0978330661	81.0000000000	0.0000077753	0.0000487927	0.0000193717	-0.0000210368	0.0000000055	
7.110000	0.0000001095	-0.0000006877	0.0017451129	0.0000000133	-0.0000000832	-0.0978330661	81.1000000000	0.0000077010	0.0000488750	0.0000193993	-0.0000211165	0.0000000055	
7.120000	0.0000001083	-0.0000006879	0.0017451129	0.0000000132	-0.0000000834	-0.0978330661	81.2000000000	0.0000076264	0.0000489572	0.0000194268	-0.0000211963	0.0000000055	
7.130000	0.0000001071	-0.0000006881	0.0017451129	0.0000000131	-0.0000000835	-0.0978330661	81.3000000000	0.0000075515	0.0000490393	0.0000194542	-0.0000212763	0.0000000056	
7.140000	0.0000001059	-0.0000006883	0.0017451129	0.0000000130	-0.0000000837	-0.0978330661	81.4000000000	0.0000074764	0.0000491212	0.0000194815	-0.0000213564	0.0000000056	
7.150000	0.0000001047	-0.0000006885	0.0017451129	0.0000000128	-0.0000000838	-0.0978330661	81.5000000000	0.0000074010	0.0000492030	0.0000195087	-0.0000214367	0.0000000056	
7.160000	0.0000001035	-0.0000006886	0.0017451129	0.0000000127	-0.0000000839	-0.0978330661	81.6000000000	0.0000073254	0.0000492848	0.0000195358	-0.0000215172	0.0000000056	
7.170000	0.0000001023	-0.0000006888	0.0017451129	0.0000000126	-0.0000000841	-0.0978330661	81.7000000000	0.0000072494	0.0000493664	0.0000195628	-0.0000215978	0.0000000057	
7.180000	0.0000001011	-0.0000006890	0.0017451129	0.0000000124	-0.0000000842	-0.0978330661	81.8000000000	0.0000071733	0.0000494479	0.0000195897	-0.0000216786	0.0000000057	
7.190000	0.0000000999	-0.0000006892	0.0017451129	0.0000000123	-0.0000000844	-0.0978330661	81.9000000000	0.0000070968	0.0000495292	0.0000196165	-0.0000217595	0.0000000057	
7.200000	0.0000000987	-0.0000006893	0.0017451129	0.0000000122	-0.0000000845	-0.0978330661	82.0000000000	0.0000070201	0.0000496105	0.0000196432	-0.0000218406	0.0000000058	
7.210000	0.0000000975	-0.0000006895	0.0017451129	0.0000000121	-0.0000000846	-0.0978330661	82.1000000000	0.0000069432	0.0000496917	0.0000196697	-0.0000219219	0.0000000058	
7.220000	0.0000000963	-0.0000006897	0.0017451129	0.0000000119	-0.0000000848	-0.0978330661	82.2000000000	0.0000068660	0.0000497727	0.0000196962	-0.0000220033	0.0000000058	
7.230000	0.0000000951	-0.0000006899	0.0017451129	0.0000000118	-0.0000000849	-0.0978330661	82.3000000000	0.0000067885	0.0000498536	0.0000197226	-0.0000220848	0.0000000059	
7.240000	0.0000000939	-0.0000006900	0.0017451129	0.0000000117	-0.0000000851	-0.0978330661	82.4000000000	0.0000067107	0.0000499344	0.0000197488	-0.0000221666	0.0000000059	
7.250000	0.0000000927	-0.0000006902	0.0017451129	0.0000000115	-0.0000000852	-0.0978330661	82.5000000000	0.0000066327	0.0000500151	0.0000197750	-0.0000222485	0.0000000059	
7.260000	0.0000000915	-0.0000006903	0.0017451129	0.0000000114	-0.0000000853	-0.0978330661	82.6000000000	0.0000065544	0.0000500956	0.0000198010	-0.0000223305	0.0000000060	
7.270000	0.0000000903	-0.0000006905	0.0017451129	0.0000000113	-0.0000000855	-0.0978330661	82.7000000000	0.0000064759	0.0000501760	0.0000198270	-0.0000224127	0.0000000060	
7.280000	0.0000000891	-0.0000006907	0.0017451129	0.0000000111	-0.0000000856	-0.0978330661	82.8000000000	0.0000063971	0.0000502563	0.0000198528	-0.0000224951	0.0000000060	
7.290000	0.0000000879	-0.0000006908	0.0017451129	0.0000000110	-0.0000000857	-0.0978330661	82.9000000000	0.0000063181	0.0000503365	0.0000198785	-0.0000225776	0.0000000060	
7.300000	0.0000000867	-0.0000006910	0.0017451129	0.0000000109	-0.0000000859	-0.0978330661	83.0000000000	0.0000062388	0.0000504166	0.0000199041	-0.0000226603	0.0000000061	
7.310000	0.0000000855	-0.0000006911	0.0017451129	0.0000000107	-0.0000000860	-0.0978330661	83.1000000000	0.0000061592	0.0000504965	0.0000199297	-0.0000227431	0.0000000061	
7.320000	0.0000000843	-0.0000006913	0.0017451129	0.0000000106	-0.0000000862	-0.0978330661	83.2000000000	0.0000060794	0.0000505763	0.0000199550	-0.0000228261	0.0000000061	
7.330000	0.0000000831	-0.0000006914	0.0017451129	0.0000000104	-0.0000000863	-0.0978330661	83.3000000000	0.0000059993	0.0000506560	0.0000199803	-0.0000229093	0.0000000062	
7.340000	0.0000000819	-0.0000006916	0.0017451129	0.0000000103	-0.0000000864	-0.0978330661	83.4000000000	0.0000059189	0.0000507356	0.0000200055	-0.0000229926	0.0000000062	
7.350000	0.0000000806	-0.0000006917	0.0017451129	0.0000000102	-0.0000000866	-0.0978330661	83.5000000000	0.0000058383	0.0000508150	0.0000200306	-0.0000230761	0.0000000062	
7.360000	0.0000000794	-0.0000006918	0.0017451129	0.0000000100	-0.0000000867	-0.0978330661	83.6000000000	0.0000057574	0.0000508943	0.0000200555	-0.0000231597	0.0000000063	
7.370000	0.0000000782	-0.0000006920	0.0017451129	0.0000000099	-0.0000000868	-0.0978330661	83.7000000000	0.0000056763	0.0000509735	0.0000200804	-0.0000232435	0.0000000063	
7.380000	0.0000000770	-0.0000006921	0.0017451129	0.0000000098	-0.0000000870	-0.0978330661	83.8000000000	0.0000055949	0.0000510526	0.0000201051	-0.0000233274	0.0000000063	
7.390000	0.0000000758	-0.0000006922	0.0017451129	0.0000000096	-0.0000000871	-0.0978330661	83.9000000000	0.0000055133	0.0000511315	0.0000201297	-0.0000234115	0.0000000064	
7.400000	0.0000000746	-0.0000006924	0.0017451129	0.0000000095	-0.0000000872	-0.0978330661	84.0000000000	0.0000054314	0.0000512103	0.0000201542	-0.0000234958	0.0000000064	
7.410000	0.0000000734	-0.0000006925	0.0017451129	0.0000000093	-0.0000000874	-0.0978330661	84.1000000000	0.0000053492	0.0000512889	0.0000201786	-0.0000235802	0.0000000064	
7.420000	0.0000000722	-0.0000006926	0.0017451129	0.0000000092	-0.0000000875	-0.0978330661	84.2000000000	0.0000052668	0.0000513675	0.0000202028	-0.0000236648	0.0000000065	
7.430000	0.0000000710	-0.0000006928	0.0017451129	0.0000000091	-0.0000000876	-0.0978330661	84.3000000000	0.0000051841	0.0000514459	0.0000202270	-0.0000237495	0.0000000065	
7.440000	0.0000000698	-0.0000006929	0.0017451129	0.0000000089	-0.0000000878	-0.0978330661	84.4000000000	0.0000051012	0.0000515242	0.0000202510	-0.0000238344	0.0000000065	
7.450000	0.0000000686	-0.0000006930	0.0017451129	0.0000000088	-0.0000000879	-0.0978330661	84.5000000000	0.0000050180	0.0000516023	0.0000202750	-0.0000239194	0.0000000066	
7.460000	0.0000000674	-0.0000006931	0.0017451129	0.0000000086	-0.0000000880	-0.0978330661	84.6000000000	0.0000049345	0.0000516803	0.0000202988	-0.0000240046	0.0000000066	
7.470000	0.0000000661	-0.0000006932	0.0017451129	0.0000000085	-0.0000000882	-0.0978330661	84.7000000000	0.0000048508	0.0000517582	0.0000203225	-0.0000240900	0.0000000066	
7.480000	0.0000000649	-0.0000006933	0.0017451129	0.0000000084	-0.0000000883	-0.0978330661	84.8000000000	0.0000047668	0.0000518359	0.0000203460	-0.0000241755	0.0000000067	
7.490000	0.0000000637	-0.0000006935	0.0017451129	0.0000000082	-0.0000000884	-0.0978330661	84.9000000000	0.0000046826	0.0000519135	0.0000203695	-0.0000242612	0.0000000067	
7.500000	0.0000000625	-0.0000006936	0.0017451129	0.0000000081	-0.0000000886	-0.0978330661	85.0000000000	0.0000045981	0.0000519910	0.0000203928	-0.0000243470	0.0000000067	
7.510000	0.0000000613	-0.0000006937	0.0017451129	0.0000000079	-0.0000000887	-0.0978330661	85.1000000000	0.0000045134	0.0000520683	0.0000204160	-0.0000244330	0.0000000068	
7.520000	0.0000000601	-0.0000006938	0.0017451129	0.0000000078	-0.0000000888	-0.0978330661	85.2000000000	0.0000044284	0.0000521455	0.0000204391	-0.0000245191	0.0000000068	
7.530000	0.0000000589	-0.0000006939	0.0017451129	0.0000000076	-0.0000000890	-0.0978330661	85.3000000000	0.0000043432	0.0000522225	0.0000204621	-0.0000246054	0.0000000068	
7.540000	0.0000000577	-0.0000006940	0.0017451129	0.0000000075	-0.0000000891	-0.0978330661	85.4000000000	0.0000042577	0.0000522994	0.0000204850	-0.0000246918	0.0000000069	
7.550000	0.0000000565	-0.0000006941	0.0017451129	0.0000000073	-0.0000000892	-0.0978330661	85.5000000000	0.0000041719	0.0000523762	0.0000205077	-0.0000247784	0.0000000069	
7.560000	0.0000000552	-0.0000006942	0.0017451129	0.0000000072	-0.0000000894	-0.0978330661	85.6000000000	0.0000040859	0.0000524528	0.0000205303	-0.0000248652	0.0000000069	
7.570000	0.0000000540	-0.0000006943	0.0017451129	0.0000000071	-0.0000000895	-0.0978330661	85.7000000000	0.0000039996	0.0000525293	0.0000205528	-0.0000249521	0.0000000070	
7.580000	0.0000000528	-0.0000006944	0.0017451129	0.0000000069	-0.0000000896	-0.0978330661	85.8000000000	0.0000039131	0.0000526057	0.0000205752	-0.0000250391	0.0000000070	
7.590000	0.0000000516	-0.0000006945	0.0017451129	0.0000000068	-0.0000000898	-0.0978330661	85.9000000000	0.0000038263	0.0000526819	0.0000205975	-0.0000251264	0.0000000070	
7.600000	0.0000000504	-0.0000006946	0.0017451129	0.0000000066	-0.0000000899	-0.0978330661	86.0000000000	0.0000037393	0.0000527579	0.0000206196	-0.0000252137	0.0000000071	
7.610000	0.0000000492	-0.0000006946	0.0017451129	0.0000000065	-0.0000000900	-0.0978330661	86.1000000000	0.0000036520	0.0000528338	0.0000206416	-0.0000253012	0.0000000071	
7.620000	0.0000000480	-0.0000006947	0.0017451129	0.0000000063	-0.0000000901	-0.0978330661	86.2000000000	0.0000035645	0.0000529096	0.0000206635	-0.0000253889	0.0000000071	
7.630000	0.0000000468	-0.0000006948	0.0017451129	0.0000000062	-0.0000000903	-0.0978330661	86.3000000000	0.0000034767	0.0000529852	0.0000206852	-0.0000254768	0.0000000072	
7.640000	0.0000000455	-0.0000006949	0.0017451129	0.0000000060	-0.0000000904	-0.0978330661	86.4000000000	0.0000033887	0.0000530607	0.0000207069	-0.0000255647	0.0000000072	
7.650000	0.0000000443	-0.0000006950	0.0017451129	0.0000000059	-0.0000000905	-0.0978330661	86.5000000000	0.0000033004	0.0000531361	0.0000207284	-0.0000256529	0.0000000073	
7.660000	0.0000000431	-0.0000006950	0.0017451129	0.0000000057	-0.0000000907	-0.0978330661	86.6000000000	0.0000032118	0.0000532113	0.0000207497	-0.0000257412	0.0000000073	
7.670000	0.0000000419	-0.0000006951	0.0017451129	0.0000000056	-0.0000000908	-0.0978330661	86.7000000000	0.0000031230	0.0000532863	0.0000207710	-0.0000258296	0.0000000073	
7.680000	0.0000000407	-0.0000006952	0.0017451129	0.0000000054	-0.0000000909	-0.0978330661	86.8000000000	0.0000030340	0.0000533612	0.0000207921	-0.0000259182	0.0000000074	
7.690000	0.0000000395	-0.0000006953	0.0017451129	0.0000000053	-0.0000000911	-0.0978330661	86.9000000000	0.0000029447	0.0000534359	0.0000208131	-0.0000260069	0.0000000074	
7.700000	0.0000000383	-0.0000006953	0.0017451129	0.0000000051	-0.0000000912	-0.0978330661	87.0000000000	0.0000028551	0.0000535105	0.0000208340	-0.0000260958	0.0000000074	
7.710000	0.0000000371	-0.0000006954	0.0017451129	0.0000000050	-0.0000000913	-0.0978330661	87.1000000000	0.0000027653	0.0000535850	0.0000208547	-0.0000261849	0.0000000075	
7.720000	0.0000000358	-0.0000006955	0.0017451129	0.0000000048	-0.0000000914	-0.0978330661	87.2000000000	0.0000026752	0.0000536593	0.0000208753	-0.0000262741	0.0000000075	
7.730000	0.0000000346	-0.0000006955	0.0017451129	0.0000000046	-0.0000000916	-0.0978330661	87.3000000000	0.0000025849	0.0000537334	0.0000208958	-0.0000263634	0.0000000075	
7.740000	0.0000000334	-0.0000006956	0.0017451129	0.0000000045	-0.0000000917	-0.0978330661	87.4000000000	0.0000024944	0.0000538074	0.0000209162	-0.0000264529	0.0000000076	
7.750000	0.0000000322	-0.0000006956	0.0017451129	0.0000000043	-0.0000000918	-0.0978330661	87.5000000000	0.0000024035	0.0000538813	0.0000209364	-0.0000265426	0.0000000076	
7.760000	0.0000000310	-0.0000006957	0.0017451129	0.0000000042	-0.0000000919	-0.0978330661	87.6000000000	0.0000023125	0.0000539550	0.0000209565	-0.0000266324	0.0000000077	
7.770000	0.0000000298	-0.0000006957	0.0017451129	0.0000000040	-0.0000000921	-0.0978330661	87.7000000000	0.0000022212	0.0000540285	0.0000209765	-0.0000267224	0.0000000077	
7.780000	0.0000000286	-0.0000006958	0.0017451129	0.0000000039	-0.0000000922	-0.0978330661	87.8000000000	0.0000021296	0.0000541019	0.0000209963	-0.0000268125	0.0000000077	
7.790000	0.0000000273	-0.0000006958	0.0017451129	0.0000000037	-0.0000000923	-0.0978330661	87.9000000000	0.0000020378	0.0000541751	0.0000210160	-0.0000269027	0.0000000078	
7.800000	0.0000000261	-0.0000006959	0.0017451129	0.0000000036	-0.0000000924	-0.0978330661	88.0000000000	0.0000019457	0.0000542482	0.0000210356	-0.0000269932	0.0000000078	
7.810000	0.0000000249	-0.0000006959	0.0017451129	0.0000000034	-0.0000000926	-0.0978330661	88.1000000000	0.0000018534	0.0000543211	0.0000210550	-0.0000270837	0.0000000078	
7.820000	0.0000000237	-0.0000006960	0.0017451129	0.0000000032	-0.0000000927	-0.0978330661	88.2000000000	0.0000017609	0.0000543938	0.0000210743	-0.0000271744	0.0000000079	
7.830000	0.0000000225	-0.0000006960	0.0017451129	0.0000000031	-0.0000000928	-0.0978330661	88.3000000000	0.0000016681	0.0000544664	0.0000210935	-0.0000272653	0.0000000079	
7.840000	0.0000000213	-0.0000006961	0.0017451129	0.0000000029	-0.0000000929	-0.0978330661	88.4000000000	0.0000015750	0.0000545389	0.0000211125	-0.0000273563	0.0000000080	
7.850000	0.0000000201	-0.0000006961	0.0017451129	0.0000000028	-0.0000000931	-0.0978330661	88.5000000000	0.0000014817	0.0000546111	0.0000211314	-0.0000274475	0.0000000080	
7.860000	0.0000000188	-0.0000006961	0.0017451129	0.0000000026	-0.0000000932	-0.0978330661	88.6000000000	0.0000013882	0.0000546833	0.0000211502	-0.0000275388	0.0000000080	
7.870000	0.0000000176	-0.0000006962	0.0017451129	0.0000000025	-0.0000000933	-0.0978330661	88.7000000000	0.0000012944	0.0000547552	0.0000211688	-0.0000276302	0.0000000081	
7.880000	0.0000000164	-0.0000006962	0.0017451129	0.0000000023	-0.0000000934	-0.0978330661	88.8000000000	0.0000012003	0.0000548270	0.0000211873	-0.0000277218	0.0000000081	
7.890000	0.0000000152	-0.0000006962	0.0017451129	0.0000000021	-0.0000000936	-0.0978330661	88.9000000000	0.0000011060	0.0000548986	0.0000212056	-0.0000278136	0.0000000081	
7.900000	0.0000000140	-0.0000006962	0.0017451129	0.0000000020	-0.0000000937	-0.0978330661	89.0000000000	0.0000010115	0.0000549701	0.0000212239	-0.0000279055	0.0000000082	
7.910000	0.0000000128	-0.0000006963	0.0017451129	0.0000000018	-0.0000000938	-0.0978330661	89.1000000000	0.0000009167	0.0000550414	0.0000212419	-0.0000279975	0.0000000082	
7.920000	0.0000000115	-0.0000006963	0.0017451129	0.0000000016	-0.0000000939	-0.0978330661	89.2000000000	0.0000008217	0.0000551126	0.0000212599	-0.0000280897	0.0000000083	
7.930000	0.0000000103	-0.0000006963	0.0017451129	0.0000000015	-0.0000000940	-0.0978330661	89.3000000000	0.0000007264	0.0000551836	0.0000212777	-0.0000281821	0.0000000083	
7.940000	0.0000000091	-0.0000006963	0.0017451129	0.0000000013	-0.0000000942	-0.0978330661	89.4000000000	0.0000006309	0.0000552544	0.0000212954	-0.0000282746	0.0000000083	
7.950000	0.0000000079	-0.0000006963	0.0017451129	0.0000000012	-0.0000000943	-0.0978330661	89.5000000000	0.0000005351	0.0000553250	0.0000213129	-0.0000283672	0.0000000084	
7.960000	0.0000000067	-0.0000006964	0.0017451129	0.0000000010	-0.0000000944	-0.0978330661	89.6000000000	0.0000004391	0.0000553955	0.0000213303	-0.0000284600	0.0000000084	
7.970000	0.0000000055	-0.0000006964	0.0017451129	0.0000000008	-0.0000000945	-0.0978330661	89.7000000000	0.0000003429	0.0000554658	0.0000213475	-0.0000285530	0.0000000085	
7.980000	0.0000000043	-0.0000006964	0.0017451129	0.0000000007	-0.0000000946	-0.0978330661	89.8000000000	0.0000002464	0.0000555360	0.0000213646	-0.0000286460	0.0000000085	
7.990000	0.0000000030	-0.0000006964	0.0017451129	0.0000000005	-0.0000000948	-0.0978330661	89.9000000000	0.0000001496	0.0000556060	0.0000213816	-0.0000287393	0.0000000085	
8.000000	0.0000000018	-0.0000006964	0.0017451129	0.0000000003	-0.0000000949	-0.0978330661	90.0000000000	0.0000000526	0.0000556758	0.0000213984	-0.0000288327	0.0000000086	
8.010000	0.0000000006	-0.0000006964	0.0017451129	0.0000000002	-0.0000000950	-0.0978330661	90.1000000000	-0.0000000446	0.0000557454	0.0000214151	-0.0000289262	0.0000000086	
8.020000	-0.0000000006	-0.0000006964	0.0017451129	0.0000000000	-0.0000000951	-0.0978330661	90.2000000000	-0.0000001421	0.0000558149	0.0000214316	-0.0000290199	0.0000000087	
8.030000	-0.0000000018	-0.0000006964	0.0017451129	-0.0000000002	-0.0000000952	-0.0978330661	90.3000000000	-0.0000002398	0.0000558842	0.0000214480	-0.0000291137	0.0000000087	
8.040000	-0.0000000030	-0.0000006964	0.0017451129	-0.0000000003	-0.0000000954	-0.0978330661	90.4000000000	-0.0000003377	0.0000559533	0.0000214643	-0.0000292076	0.0000000087	
8.050000	-0.0000000043	-0.0000006964	0.0017451129	-0.0000000005	-0.0000000955	-0.0978330661	90.5000000000	-0.0000004359	0.0000560223	0.0000214804	-0.0000293017	0.0000000088	
8.060000	-0.0000000055	-0.0000006964	0.0017451129	-0.0000000007	-0.0000000956	-0.0978330661	90.6000000000	-0.0000005344	0.0000560911	0.0000214963	-0.0000293960	0.0000000088	
8.070000	-0.0000000067	-0.0000006964	0.0017451129	-0.0000000008	-0.0000000957	-0.0978330661	90.7000000000	-0.0000006331	0.0000561597	0.0000215122	-0.0000294904	0.0000000089	
8.080000	-0.0000000079	-0.0000006963	0.0017451129	-0.0000000010	-0.0000000958	-0.0978330661	90.8000000000	-0.0000007320	0.0000562281	0.0000215278	-0.0000295849	0.0000000089	
8.090000	-0.0000000091	-0.0000006963	0.0017451129	-0.0000000012	-0.0000000960	-0.0978330661	90.9000000000	-0.0000008311	0.0000562964	0.0000215434	-0.0000296796	0.0000000089	
8.100000	-0.0000000103	-0.0000006963	0.0017451129	-0.0000000013	-0.0000000961	-0.0978330661	91.0000000000	-0.0000009305	0.0000563645	0.0000215587	-0.0000297745	0.0000000090	
8.110000	-0.0000000115	-0.0000006963	0.0017451129	-0.0000000015	-0.0000000962	-0.0978330661	91.1000000000	-0.0000010302	0.0000564324	0.0000215740	-0.0000298694	0.0000000090	
8.120000	-0.0000000128	-0.0000006963	0.0017451129	-0.0000000017	-0.0000000963	-0.0978330661	91.2000000000	-0.0000011301	0.0000565002	0.0000215891	-0.0000299645	0.0000000091	
8.130000	-0.0000000140	-0.0000006962	0.0017451129	-0.0000000018	-0.0000000964	-0.0978330661	91.3000000000	-0.0000012302	0.0000565677	0.0000216040	-0.0000300598	0.0000000091	
8.140000	-0.0000000152	-0.0000006962	0.0017451129	-0.0000000020	-0.0000000965	-0.0978330661	91.4000000000	-0.0000013306	0.0000566351	0.0000216188	-0.0000301552	0.0000000092	
8.150000	-0.0000000164	-0.0000006962	0.0017451129	-0.0000000022	-0.0000000966	-0.0978330661	91.5000000000	-0.0000014312	0.0000567023	0.0000216334	-0.0000302508	0.0000000092	
8.160000	-0.0000000176	-0.0000006962	0.0017451129	-0.0000000024	-0.0000000968	-0.0978330661	91.6000000000	-0.0000015320	0.0000567693	0.0000216479	-0.0000303465	0.0000000092	
8.170000	-0.0000000188	-0.0000006961	0.0017451129	-0.0000000025	-0.0000000969	-0.0978330661	91.7000000000	-0.0000016331	0.0000568362	0.0000216623	-0.0000304423	0.0000000093	
8.180000	-0.0000000201	-0.0000006961	0.0017451129	-0.0000000027	-0.0000000970	-0.0978330661	91.8000000000	-0.0000017344	0.0000569029	0.0000216765	-0.0000305383	0.0000000093	
8.190000	-0.0000000213	-0.0000006961	0.0017451129	-0.0000000029	-0.0000000971	-0.0978330661	91.9000000000	-0.0000018360	0.0000569694	0.0000216905	-0.0000306344	0.0000000094	
8.200000	-0.0000000225	-0.0000006960	0.0017451129	-0.0000000030	-0.0000000972	-0.0978330661	92.0000000000	-0.0000019377	0.0000570357	0.0000217044	-0.0000307307	0.0000000094	
8.210000	-0.0000000237	-0.0000006960	0.0017451129	-0.0000000032	-0.0000000973	-0.0978330661	92.1000000000	-0.0000020398	0.0000571018	0.0000217181	-0.0000308271	0.0000000095	
8.220000	-0.0000000249	-0.0000006959	0.0017451129	-0.0000000034	-0.0000000974	-0.0978330661	92.2000000000	-0.0000021420	0.0000571677	0.0000217317	-0.0000309236	0.0000000095	
8.230000	-0.0000000261	-0.0000006959	0.0017451129	-0.0000000036	-0.0000000976	-0.0978330661	92.3000000000	-0.0000022445	0.0000572335	0.0000217452	-0.0000310203	0.0000000095	
8.240000	-0.0000000273	-0.0000006958	0.0017451129	-0.0000000037	-0.0000000977	-0.0978330661	92.4000000000	-0.0000023473	0.0000572991	0.0000217585	-0.0000311171	0.0000000096	
8.250000	-0.0000000286	-0.0000006958	0.0017451129	-0.0000000039	-0.0000000978	-0.0978330661	92.5000000000	-0.0000024503	0.0000573645	0.0000217716	-0.0000312141	0.0000000096	
8.260000	-0.0000000298	-0.0000006957	0.0017451129	-0.0000000041	-0.0000000979	-0.0978330661	92.6000000000	-0.0000025535	0.0000574297	0.0000217846	-0.0000313112	0.0000000097	
8.270000	-0.0000000310	-0.0000006957	0.0017451129	-0.0000000043	-0.0000000980	-0.0978330661	92.7000000000	-0.0000026569	0.0000574947	0.0000217974	-0.0000314084	0.0000000097	
8.280000	-0.0000000322	-0.0000006956	0.0017451129	-0.0000000044	-0.0000000981	-0.0978330661	92.8000000000	-0.0000027606	0.0000575595	0.0000218101	-0.0000315058	0.0000000098	
8.290000	-0.0000000334	-0.0000006956	0.0017451129	-0.0000000046	-0.0000000982	-0.0978330661	92.9000000000	-0.0000028645	0.0000576242	0.0000218226	-0.0000316034	0.0000000098	
8.300000	-0.0000000346	-0.0000006955	0.0017451129	-0.0000000048	-0.0000000983	-0.0978330661	93.0000000000	-0.0000029686	0.0000576886	0.0000218349	-0.0000317010	0.0000000098	
8.310000	-0.0000000358	-0.0000006955	0.0017451129	-0.0000000050	-0.0000000984	-0.0978330661	93.1000000000	-0.0000030730	0.0000577529	0.0000218471	-0.0000317988	0.0000000099	
8.320000	-0.0000000371	-0.0000006954	0.0017451129	-0.0000000052	-0.0000000986	-0.0978330661	93.2000000000	-0.0000031776	0.0000578170	0.0000218592	-0.0000318968	0.0000000099	
8.330000	-0.0000000383	-0.0000006953	0.0017451129	-0.0000000053	-0.0000000987	-0.0978330661	93.3000000000	-0.0000032825	0.0000578809	0.0000218711	-0.0000319949	0.0000000100	
8.340000	-0.0000000395	-0.0000006953	0.0017451129	-0.0000000055	-0.0000000988	-0.0978330661	93.4000000000	-0.0000033876	0.0000579446	0.0000218828	-0.0000320931	0.0000000100	
8.350000	-0.0000000407	-0.0000006952	0.0017451129	-0.0000000057	-0.0000000989	-0.0978330661	93.5000000000	-0.0000034929	0.0000580081	0.0000218944	-0.0000321915	0.0000000101	
8.360000	-0.0000000419	-0.0000006951	0.0017451129	-0.0000000059	-0.0000000990	-0.0978330661	93.6000000000	-0.0000035984	0.0000580714	0.0000219058	-0.0000322900	0.0000000101	
8.370000	-0.0000000431	-0.0000006950	0.0017451129	-0.0000000061	-0.0000000991	-0.0978330661	93.7000000000	-0.0000037042	0.0000581345	0.0000219171	-0.0000323886	0.0000000102	
8.380000	-0.0000000443	-0.0000006950	0.0017451129	-0.0000000062	-0.0000000992	-0.0978330661	93.8000000000	-0.0000038102	0.0000581975	0.0000219282	-0.0000324874	0.0000000102	
8.390000	-0.0000000455	-0.0000006949	0.0017451129	-0.0000000064	-0.0000000993	-0.0978330661	93.9000000000	-0.0000039165	0.0000582602	0.0000219391	-0.0000325863	0.0000000102	
8.400000	-0.0000000468	-0.0000006948	0.0017451129	-0.0000000066	-0.0000000994	-0.0978330661	94.0000000000	-0.0000040229	0.0000583228	0.0000219499	-0.0000326853	0.0000000103	
8.410000	-0.0000000480	-0.0000006947	0.0017451129	-0.0000000068	-0.0000000995	-0.0978330661	94.1000000000	-0.0000041296	0.0000583851	0.0000219605	-0.0000327845	0.0000000103	
8.420000	-0.0000000492	-0.0000006946	0.0017451129	-0.0000000070	-0.0000000996	-0.0978330661	94.2000000000	-0.0000042366	0.0000584473	0.0000219710	-0.0000328839	0.0000000104	
8.430000	-0.0000000504	-0.0000006946	0.0017451129	-0.0000000071	-0.0000000997	-0.0978330661	94.3000000000	-0.0000043437	0.0000585092	0.0000219813	-0.0000329833	0.0000000104	
8.440000	-0.0000000516	-0.0000006945	0.0017451129	-0.0000000073	-0.0000000999	-0.0978330661	94.4000000000	-0.0000044511	0.0000585710	0.0000219914	-0.0000330829	0.0000000105	
8.450000	-0.0000000528	-0.0000006944	0.0017451129	-0.0000000075	-0.0000001000	-0.0978330661	94.5000000000	-0.0000045587	0.0000586326	0.0000220014	-0.0000331827	0.0000000105	
8.460000	-0.0000000540	-0.0000006943	0.0017451129	-0.0000000077	-0.0000001001	-0.0978330661	94.6000000000	-0.0000046666	0.0000586939	0.0000220112	-0.0000332825	0.0000000106	
8.470000	-0.0000000552	-0.0000006942	0.0017451129	-0.0000000079	-0.0000001002	-0.0978330661	94.7000000000	-0.0000047746	0.0000587551	0.0000220209	-0.0000333825	0.0000000106	
8.480000	-0.0000000565	-0.0000006941	0.0017451129	-0.0000000081	-0.0000001003	-0.0978330661	94.8000000000	-0.0000048829	0.0000588161	0.0000220304	-0.0000334827	0.0000000107	
8.490000	-0.0000000577	-0.0000006940	0.0017451129	-0.0000000082	-0.0000001004	-0.0978330661	94.9000000000	-0.0000049915	0.0000588769	0.0000220397	-0.0000335829	0.0000000107	
8.500000	-0.0000000589	-0.0000006939	0.0017451129	-0.0000000084	-0.0000001005	-0.0978330661	95.0000000000	-0.0000051002	0.0000589375	0.0000220489	-0.0000336833	0.0000000108	
8.510000	-0.0000000601	-0.0000006938	0.0017451129	-0.0000000086	-0.0000001006	-0.0978330661	95.1000000000	-0.0000052092	0.0000589978	0.0000220578	-0.0000337839	0.0000000108	
8.520000	-0.0000000613	-0.0000006937	0.0017451129	-0.0000000088	-0.0000001007	-0.0978330661	95.2000000000	-0.0000053184	0.0000590580	0.0000220667	-0.0000338846	0.0000000108	
8.530000	-0.0000000625	-0.0000006936	0.0017451129	-0.0000000090	-0.0000001008	-0.0978330661	95.3000000000	-0.0000054278	0.0000591180	0.0000220753	-0.0000339854	0.0000000109	
8.540000	-0.0000000637	-0.0000006935	0.0017451129	-0.0000000092	-0.0000001009	-0.0978330661	95.4000000000	-0.0000055375	0.0000591778	0.0000220838	-0.0000340863	0.0000000109	
8.550000	-0.0000000649	-0.0000006933	0.0017451129	-0.0000000094	-0.0000001010	-0.0978330661	95.5000000000	-0.0000056474	0.0000592373	0.0000220922	-0.0000341874	0.0000000110	
8.560000	-0.0000000661	-0.0000006932	0.0017451129	-0.0000000095	-0.0000001011	-0.0978330661	95.6000000000	-0.0000057575	0.0000592967	0.0000221003	-0.0000342886	0.0000000110	
8.570000	-0.0000000674	-0.0000006931	0.0017451129	-0.0000000097	-0.0000001012	-0.0978330661	95.7000000000	-0.0000058678	0.0000593558	0.0000221083	-0.0000343900	0.0000000111	
8.580000	-0.0000000686	-0.0000006930	0.0017451129	-0.0000000099	-0.0000001013	-0.0978330661	95.8000000000	-0.0000059784	0.0000594148	0.0000221162	-0.0000344914	0.0000000111	
8.590000	-0.0000000698	-0.0000006929	0.0017451129	-0.0000000101	-0.0000001014	-0.0978330661	95.9000000000	-0.0000060892	0.0000594736	0.0000221238	-0.0000345930	0.0000000112	
8.600000	-0.0000000710	-0.0000006928	0.0017451129	-0.0000000103	-0.0000001015	-0.0978330661	96.0000000000	-0.0000062002	0.0000595321	0.0000221313	-0.0000346948	0.0000000112	
8.610000	-0.0000000722	-0.0000006926	0.0017451129	-0.0000000105	-0.0000001016	-0.0978330661	96.1000000000	-0.0000063114	0.0000595904	0.0000221387	-0.0000347966	0.0000000113	
8.620000	-0.0000000734	-0.0000006925	0.0017451129	-0.0000000107	-0.0000001017	-0.0978330661	96.2000000000	-0.0000064229	0.0000596486	0.0000221458	-0.0000348986	0.0000000113	
8.630000	-0.0000000746	-0.0000006924	0.0017451129	-0.0000000109	-0.0000001018	-0.0978330661	96.3000000000	-0.0000065345	0.0000597065	0.0000221528	-0.0000350008	0.0000000114	
8.640000	-0.0000000758	-0.0000006922	0.0017451129	-0.0000000111	-0.0000001019	-0.0978330661	96.4000000000	-0.0000066464	0.0000597642	0.0000221596	-0.0000351030	0.0000000114	
8.650000	-0.0000000770	-0.0000006921	0.0017451129	-0.0000000113	-0.0000001020	-0.0978330661	96.5000000000	-0.0000067585	0.0000598217	0.0000221663	-0.0000352054	0.0000000115	
8.660000	-0.0000000782	-0.0000006920	0.0017451129	-0.0000000114	-0.0000001021	-0.0978330661	96.6000000000	-0.0000068709	0.0000598790	0.0000221727	-0.0000353080	0.0000000115	
8.670000	-0.0000000794	-0.0000006918	0.0017451129	-0.0000000116	-0.0000001022	-0.0978330661	96.7000000000	-0.0000069834	0.0000599361	0.0000221790	-0.0000354106	0.0000000116	
8.680000	-0.0000000806	-0.0000006917	0.0017451129	-0.0000000118	-0.0000001023	-0.0978330661	96.8000000000	-0.0000070962	0.0000599930	0.0000221852	-0.0000355134	0.0000000116	
8.690000	-0.0000000819	-0.0000006916	0.0017451129	-0.0000000120	-0.0000001024	-0.0978330661	96.9000000000	-0.0000072092	0.0000600496	0.0000221911	-0.0000356163	0.0000000117	
8.700000	-0.0000000831	-0.0000006914	0.0017451129	-0.0000000122	-0.0000001025	-0.0978330661	97.0000000000	-0.0000073224	0.0000601061	0.0000221969	-0.0000357194	0.0000000117	
8.710000	-0.0000000843	-0.0000006913	0.0017451129	-0.0000000124	-0.0000001026	-0.0978330661	97.1000000000	-0.0000074359	0.0000601623	0.0000222025	-0.0000358225	0.0000000118	
8.720000	-0.0000000855	-0.0000006911	0.0017451129	-0.0000000126	-0.0000001027	-0.0978330661	97.2000000000	-0.0000075495	0.0000602184	0.0000222080	-0.0000359258	0.0000000118	
8.730000	-0.0000000867	-0.0000006910	0.0017451129	-0.0000000128	-0.0000001028	-0.0978330661	97.3000000000	-0.0000076634	0.0000602742	0.0000222132	-0.0000360292	0.0000000119	
8.740000	-0.0000000879	-0.0000006908	0.0017451129	-0.0000000130	-0.0000001029	-0.0978330661	97.4000000000	-0.0000077775	0.0000603298	0.0000222183	-0.0000361328	0.0000000119	
8.750000	-0.0000000891	-0.0000006907	0.0017451129	-0.0000000132	-0.0000001030	-0.0978330661	97.5000000000	-0.0000078918	0.0000603852	0.0000222232	-0.0000362365	0.0000000120	
8.760000	-0.0000000903	-0.0000006905	0.0017451129	-0.0000000134	-0.0000001031	-0.0978330661	97.6000000000	-0.0000080063	0.0000604403	0.0000222280	-0.0000363403	0.0000000120	
8.770000	-0.0000000915	-0.0000006903	0.0017451129	-0.0000000136	-0.0000001032	-0.0978330661	97.7000000000	-0.0000081211	0.0000604953	0.0000222325	-0.0000364442	0.0000000121	
8.780000	-0.0000000927	-0.0000006902	0.0017451129	-0.0000000138	-0.0000001032	-0.0978330661	97.8000000000	-0.0000082360	0.0000605500	0.0000222369	-0.0000365483	0.0000000121	
8.790000	-0.0000000939	-0.0000006900	0.0017451129	-0.0000000140	-0.0000001033	-0.0978330661	97.9000000000	-0.0000083512	0.0000606045	0.0000222411	-0.0000366525	0.0000000122	
8.800000	-0.0000000951	-0.0000006899	0.0017451129	-0.0000000142	-0.0000001034	-0.0978330661	98.0000000000	-0.0000084666	0.0000606588	0.0000222451	-0.0000367568	0.0000000122	
8.810000	-0.0000000963	-0.0000006897	0.0017451129	-0.0000000144	-0.0000001035	-0.0978330661	98.1000000000	-0.0000085822	0.0000607129	0.0000222490	-0.0000368612	0.0000000123	
8.820000	-0.0000000975	-0.0000006895	0.0017451129	-0.0000000146	-0.0000001036	-0.0978330661	98.2000000000	-0.0000086980	0.0000607668	0.0000222527	-0.0000369658	0.0000000123	
8.830000	-0.0000000987	-0.0000006893	0.0017451129	-0.0000000148	-0.0000001037	-0.0978330661	98.3000000000	-0.0000088140	0.0000608204	0.0000222562	-0.0000370705	0.0000000124	
8.840000	-0.0000000999	-0.0000006892	0.0017451129	-0.0000000150	-0.0000001038	-0.0978330661	98.4000000000	-0.0000089303	0.0000608739	0.0000222595	-0.0000371753	0.0000000124	
8.850000	-0.0000001011	-0.0000006890	0.0017451129	-0.0000000151	-0.0000001039	-0.0978330661	98.5000000000	-0.0000090467	0.0000609271	0.0000222626	-0.0000372802	0.0000000125	
8.860000	-0.0000001023	-0.0000006888	0.0017451129	-0.0000000153	-0.0000001040	-0.0978330661	98.6000000000	-0.0000091634	0.0000609801	0.0000222656	-0.0000373853	0.0000000125	
8.870000	-0.0000001035	-0.0000006886	0.0017451129	-0.0000000155	-0.0000001041	-0.0978330661	98.7000000000	-0.0000092803	0.0000610328	0.0000222684	-0.0000374905	0.0000000126	
8.880000	-0.0000001047	-0.0000006885	0.0017451129	-0.0000000157	-0.0000001042	-0.0978330661	98.8000000000	-0.0000093974	0.0000610854	0.0000222710	-0.0000375958	0.0000000126	
8.890000	-0.0000001059	-0.0000006883	0.0017451129	-0.0000000159	-0.0000001043	-0.0978330661	98.9000000000	-0.0000095147	0.0000611377	0.0000222734	-0.0000377012	0.0000000127	
8.900000	-0.0000001071	-0.0000006881	0.0017451129	-0.0000000161	-0.0000001043	-0.0978330661	99.0000000000	-0.0000096322	0.0000611898	0.0000222756	-0.0000378068	0.0000000127	
8.910000	-0.0000001083	-0.0000006879	0.0017451129	-0.0000000163	-0.0000001044	-0.0978330661	99.1000000000	-0.0000097499	0.0000612416	0.0000222777	-0.0000379125	0.0000000128	
8.920000	-0.0000001095	-0.0000006877	0.0017451129	-0.0000000165	-0.0000001045	-0.0978330661	99.2000000000	-0.0000098679	0.0000612933	0.0000222795	-0.0000380183	0.0000000128	
8.930000	-0.0000001107	-0.0000006875	0.0017451129	-0.0000000167	-0.0000001046	-0.0978330661	99.3000000000	-0.0000099860	0.0000613447	0.0000222812	-0.0000381242	0.0000000129	
8.940000	-0.0000001119	-0.0000006873	0.0017451129	-0.0000000170	-0.0000001047	-0.0978330661	99.4000000000	-0.0000101044	0.0000613959	0.0000222827	-0.0000382302	0.0000000130	
8.950000	-0.0000001131	-0.0000006871	0.0017451129	-0.0000000172	-0.0000001048	-0.0978330661	99.5000000000	-0.0000102230	0.0000614468	0.0000222840	-0.0000383364	0.0000000130	
8.960000	-0.0000001143	-0.0000006869	0.0017451129	-0.0000000174	-0.0000001049	-0.0978330661	99.6000000000	-0.0000103417	0.0000614976	0.0000222852	-0.0000384427	0.0000000131	
8.970000	-0.0000001155	-0.0000006867	0.0017451129	-0.0000000176	-0.0000001050	-0.0978330661	99.7000000000	-0.0000104607	0.0000615481	0.0000222861	-0.0000385491	0.0000000131	
8.980000	-0.0000001167	-0.0000006865	0.0017451129	-0.0000000178	-0.0000001051	-0.0978330661	99.8000000000	-0.0000105799	0.0000615984	0.0000222869	-0.0000386556	0.0000000132	
8.990000	-0.0000001179	-0.0000006863	0.0017451129	-0.0000000180	-0.0000001051	-0.0978330661	99.9000000000	-0.0000106993	0.0000616484	0.0000222875	-0.0000387623	0.0000000132	
9.000000	-0.0000001191	-0.0000006861	0.0017451129	-0.0000000182	-0.0000001052	-0.0978330661	100.0000000000	-0.0000108189	0.0000616983	0.0000222879	-0.0000388691	0.0000000133	
9.010000	-0.0000001203	-0.0000006859	0.0017451129	-0.0000000184	-0.0000001053	-0.0978330661	100.1000000000	-0.0000109387	0.0000617478	0.0000222881	-0.0000389759	0.0000000133	
9.020000	-0.0000001215	-0.0000006857	0.0017451129	-0.0000000186	-0.0000001054	-0.0978330661	100.2000000000	-0.0000110588	0.0000617972	0.0000222881	-0.0000390830	0.0000000134	
9.030000	-0.0000001227	-0.0000006855	0.0017451129	-0.0000000188	-0.0000001055	-0.0978330661	100.3000000000	-0.0000111790	0.0000618463	0.0000222880	-0.0000391901	0.0000000134	
9.040000	-0.0000001239	-0.0000006853	0.0017451129	-0.0000000190	-0.0000001056	-0.0978330661	100.4000000000	-0.0000112994	0.0000618952	0.0000222876	-0.0000392973	0.0000000135	
9.050000	-0.0000001251	-0.0000006851	0.0017451129	-0.0000000192	-0.0000001056	-0.0978330661	100.5000000000	-0.0000114201	0.0000619439	0.0000222871	-0.0000394047	0.0000000135	
9.060000	-0.0000001263	-0.0000006848	0.0017451129	-0.0000000194	-0.0000001057	-0.0978330661	100.6000000000	-0.0000115409	0.0000619923	0.0000222863	-0.0000395122	0.0000000136	
9.070000	-0.0000001275	-0.0000006846	0.0017451129	-0.0000000196	-0.0000001058	-0.0978330661	100.7000000000	-0.0000116619	0.0000620405	0.0000222854	-0.0000396198	0.0000000137	
9.080000	-0.0000001287	-0.0000006844	0.0017451129	-0.0000000198	-0.0000001059	-0.0978330661	100.8000000000	-0.0000117832	0.0000620885	0.0000222843	-0.0000397275	0.0000000137	
9.090000	-0.0000001299	-0.0000006842	0.0017451129	-0.0000000200	-0.0000001060	-0.0978330661	100.9000000000	-0.0000119046	0.0000621363	0.0000222830	-0.0000398353	0.0000000138	
9.100000	-0.0000001311	-0.0000006839	0.0017451129	-0.0000000202	-0.0000001061	-0.0978330661	101.0000000000	-0.0000120263	0.0000621838	0.0000222816	-0.0000399433	0.0000000138	
9.110000	-0.0000001323	-0.0000006837	0.0017451129	-0.0000000204	-0.0000001061	-0.0978330661	101.1000000000	-0.0000121482	0.0000622310	0.0000222799	-0.0000400513	0.0000000139	
9.120000	-0.0000001335	-0.0000006835	0.0017451129	-0.0000000206	-0.0000001062	-0.0978330661	101.2000000000	-0.0000122702	0.0000622780	0.0000222780	-0.0000401595	0.0000000139	
9.130000	-0.0000001347	-0.0000006832	0.0017451129	-0.0000000208	-0.0000001063	-0.0978330661	101.3000000000	-0.0000123925	0.0000623248	0.0000222760	-0.0000402678	0.0000000140	
9.140000	-0.0000001359	-0.0000006830	0.0017451129	-0.0000000211	-0.0000001064	-0.0978330661	101.4000000000	-0.0000125149	0.0000623714	0.0000222737	-0.0000403762	0.0000000140	
9.150000	-0.0000001370	-0.0000006828	0.0017451129	-0.0000000213	-0.0000001065	-0.0978330661	101.5000000000	-0.0000126376	0.0000624177	0.0000222713	-0.0000404847	0.0000000141	
9.160000	-0.0000001382	-0.0000006825	0.0017451129	-0.0000000215	-0.0000001065	-0.0978330661	101.6000000000	-0.0000127604	0.0000624638	0.0000222687	-0.0000405934	0.0000000142	
9.170000	-0.0000001394	-0.0000006823	0.0017451129	-0.0000000217	-0.0000001066	-0.0978330661	101.7000000000	-0.0000128835	0.0000625096	0.0000222658	-0.0000407021	0.0000000142	
9.180000	-0.0000001406	-0.0000006820	0.0017451129	-0.0000000219	-0.0000001067	-0.0978330661	101.8000000000	-0.0000130068	0.0000625552	0.0000222628	-0.0000408110	0.0000000143	
9.190000	-0.0000001418	-0.0000006818	0.0017451129	-0.0000000221	-0.0000001068	-0.0978330661	101.9000000000	-0.0000131302	0.0000626006	0.0000222596	-0.0000409200	0.0000000143	
9.200000	-0.0000001430	-0.0000006815	0.0017451129	-0.0000000223	-0.0000001069	-0.0978330661	102.0000000000	-0.0000132539	0.0000626457	0.0000222562	-0.0000410291	0.0000000144	
9.210000	-0.0000001442	-0.0000006813	0.0017451129	-0.0000000225	-0.0000001069	-0.0978330661	102.1000000000	-0.0000133777	0.0000626906	0.0000222526	-0.0000411383	0.0000000144	
9.220000	-0.0000001454	-0.0000006810	0.0017451129	-0.0000000227	-0.0000001070	-0.0978330661	102.2000000000	-0.0000135018	0.0000627352	0.0000222488	-0.0000412476	0.0000000145	
9.230000	-0.0000001466	-0.0000006808	0.0017451129	-0.0000000229	-0.0000001071	-0.0978330661	102.3000000000	-0.0000136260	0.0000627796	0.0000222448	-0.0000413570	0.0000000146	
9.240000	-0.0000001478	-0.0000006805	0.0017451129	-0.0000000232	-0.0000001072	-0.0978330661	102.4000000000	-0.0000137504	0.0000628238	0.0000222406	-0.0000414666	0.0000000146	
9.250000	-0.0000001489	-0.0000006803	0.0017451129	-0.0000000234	-0.0000001072	-0.0978330661	102.5000000000	-0.0000138751	0.0000628677	0.0000222363	-0.0000415762	0.0000000147	
9.260000	-0.0000001501	-0.0000006800	0.0017451129	-0.0000000236	-0.0000001073	-0.0978330661	102.6000000000	-0.0000139999	0.0000629113	0.0000222317	-0.0000416860	0.0000000147	
9.270000	-0.0000001513	-0.0000006797	0.0017451129	-0.0000000238	-0.0000001074	-0.0978330661	102.7000000000	-0.0000141249	0.0000629547	0.0000222269	-0.0000417959	0.0000000148	
9.280000	-0.0000001525	-0.0000006795	0.0017451129	-0.0000000240	-0.0000001075	-0.0978330661	102.8000000000	-0.0000142502	0.0000629979	0.0000222219	-0.0000419059	0.0000000149	
9.290000	-0.0000001537	-0.0000006792	0.0017451129	-0.0000000242	-0.0000001075	-0.0978330661	102.9000000000	-0.0000143756	0.0000630408	0.0000222168	-0.0000420160	0.0000000149	
9.300000	-0.0000001549	-0.0000006789	0.0017451129	-0.0000000244	-0.0000001076	-0.0978330661	103.0000000000	-0.0000145012	0.0000630835	0.0000222114	-0.0000421262	0.0000000150	
9.310000	-0.0000001561	-0.0000006787	0.0017451129	-0.0000000247	-0.0000001077	-0.0978330661	103.1000000000	-0.0000146270	0.0000631260	0.0000222059	-0.0000422365	0.0000000150	
9.320000	-0.0000001572	-0.0000006784	0.0017451129	-0.0000000249	-0.0000001078	-0.0978330661	103.2000000000	-0.0000147530	0.0000631681	0.0000222001	-0.0000423469	0.0000000151	
9.330000	-0.0000001584	-0.0000006781	0.0017451129	-0.0000000251	-0.0000001078	-0.0978330661	103.3000000000	-0.0000148791	0.0000632101	0.0000221941	-0.0000424574	0.0000000151	
9.340000	-0.0000001596	-0.0000006778	0.0017451129	-0.0000000253	-0.0000001079	-0.0978330661	103.4000000000	-0.0000150055	0.0000632518	0.0000221880	-0.0000425681	0.0000000152	
9.350000	-0.0000001608	-0.0000006776	0.0017451129	-0.0000000255	-0.0000001080	-0.0978330661	103.5000000000	-0.0000151321	0.0000632932	0.0000221816	-0.0000426788	0.0000000153	
9.360000	-0.0000001620	-0.0000006773	0.0017451129	-0.0000000257	-0.0000001080	-0.0978330661	103.6000000000	-0.0000152588	0.0000633344	0.0000221751	-0.0000427897	0.0000000153	
9.370000	-0.0000001632	-0.0000006770	0.0017451129	-0.0000000259	-0.0000001081	-0.0978330661	103.7000000000	-0.0000153858	0.0000633754	0.0000221683	-0.0000429006	0.0000000154	
9.380000	-0.0000001643	-0.0000006767	0.0017451129	-0.0000000262	-0.0000001082	-0.0978330661	103.8000000000	-0.0000155129	0.0000634161	0.0000221613	-0.0000430117	0.0000000154	
9.390000	-0.0000001655	-0.0000006764	0.0017451129	-0.0000000264	-0.0000001082	-0.0978330661	103.9000000000	-0.0000156402	0.0000634565	0.0000221542	-0.0000431229	0.0000000155	
9.400000	-0.0000001667	-0.0000006761	0.0017451129	-0.0000000266	-0.0000001083	-0.0978330661	104.0000000000	-0.0000157678	0.0000634967	0.0000221468	-0.0000432342	0.0000000156	
9.410000	-0.0000001679	-0.0000006758	0.0017451129	-0.0000000268	-0.0000001084	-0.0978330661	104.0999999999	-0.0000158955	0.0000635366	0.0000221392	-0.0000433456	0.0000000156	
9.420000	-0.0000001691	-0.0000006756	0.0017451129	-0.0000000270	-0.0000001085	-0.0978330661	104.1999999999	-0.0000160233	0.0000635763	0.0000221315	-0.0000434570	0.0000000157	
9.430000	-0.0000001702	-0.0000006753	0.0017451129	-0.0000000273	-0.0000001085	-0.0978330661	104.2999999999	-0.0000161514	0.0000636158	0.0000221235	-0.0000435686	0.0000000157	
9.440000	-0.0000001714	-0.0000006750	0.0017451129	-0.0000000275	-0.0000001086	-0.0978330661	104.3999999999	-0.0000162797	0.0000636549	0.0000221153	-0.0000436803	0.0000000158	
9.450000	-0.0000001726	-0.0000006747	0.0017451129	-0.0000000277	-0.0000001087	-0.0978330661	104.4999999999	-0.0000164081	0.0000636939	0.0000221069	-0.0000437921	0.0000000159	
9.460000	-0.0000001738	-0.0000006744	0.0017451129	-0.0000000279	-0.0000001087	-0.0978330661	104.5999999999	-0.0000165368	0.0000637325	0.0000220983	-0.0000439041	0.0000000159	
9.470000	-0.0000001749	-0.0000006740	0.0017451129	-0.0000000281	-0.0000001088	-0.0978330661	104.6999999999	-0.0000166656	0.0000637709	0.0000220896	-0.0000440161	0.0000000160	
9.480000	-0.0000001761	-0.0000006737	0.0017451129	-0.0000000283	-0.0000001089	-0.0978330661	104.7999999999	-0.0000167946	0.0000638091	0.0000220806	-0.0000441282	0.0000000160	
9.490000	-0.0000001773	-0.0000006734	0.0017451129	-0.0000000286	-0.0000001089	-0.0978330661	104.8999999999	-0.0000169238	0.0000638470	0.0000220714	-0.0000442404	0.0000000161	
9.500000	-0.0000001785	-0.0000006731	0.0017451129	-0.0000000288	-0.0000001090	-0.0978330661	104.9999999999	-0.0000170531	0.0000638847	0.0000220620	-0.0000443527	0.0000000162	
9.510000	-0.0000001797	-0.0000006728	0.0017451129	-0.0000000290	-0.0000001091	-0.0978330661	105.0999999999	-0.0000171827	0.0000639221	0.0000220524	-0.0000444651	0.0000000162	
9.520000	-0.0000001808	-0.0000006725	0.0017451129	-0.0000000292	-0.0000001091	-0.0978330661	105.1999999999	-0.0000173124	0.0000639592	0.0000220425	-0.0000445777	0.0000000163	
9.530000	-0.0000001820	-0.0000006722	0.0017451129	-0.0000000295	-0.0000001092	-0.0978330661	105.2999999999	-0.0000174423	0.0000639961	0.0000220325	-0.0000446903	0.0000000164	
9.540000	-0.0000001832	-0.0000006719	0.0017451129	-0.0000000297	-0.0000001092	-0.0978330661	105.3999999999	-0.0000175724	0.0000640327	0.0000220223	-0.0000448030	0.0000000164	
9.550000	-0.0000001843	-0.0000006715	0.0017451129	-0.0000000299	-0.0000001093	-0.0978330661	105.4999999999	-0.0000177027	0.0000640690	0.0000220118	-0.0000449158	0.0000000165	
9.560000	-0.0000001855	-0.0000006712	0.0017451129	-0.0000000301	-0.0000001094	-0.0978330661	105.5999999999	-0.0000178332	0.0000641051	0.0000220012	-0.0000450288	0.0000000165	
9.570000	-0.0000001867	-0.0000006709	0.0017451129	-0.0000000303	-0.0000001094	-0.0978330661	105.6999999999	-0.0000179638	0.0000641410	0.0000219903	-0.0000451418	0.0000000166	
9.580000	-0.0000001879	-0.0000006706	0.0017451129	-0.0000000306	-0.0000001095	-0.0978330661	105.7999999999	-0.0000180946	0.0000641765	0.0000219793	-0.0000452549	0.0000000167	
9.590000	-0.0000001890	-0.0000006702	0.0017451129	-0.0000000308	-0.0000001096	-0.0978330661	105.8999999999	-0.0000182256	0.0000642118	0.0000219680	-0.0000453681	0.0000000167	
9.600000	-0.0000001902	-0.0000006699	0.0017451129	-0.0000000310	-0.0000001096	-0.0978330661	105.9999999999	-0.0000183568	0.0000642469	0.0000219565	-0.0000454815	0.0000000168	
9.610000	-0.0000001914	-0.0000006696	0.0017451129	-0.0000000312	-0.0000001097	-0.0978330661	106.0999999999	-0.0000184881	0.0000642817	0.0000219448	-0.0000455949	0.0000000169	
9.620000	-0.0000001925	-0.0000006692	0.0017451129	-0.0000000315	-0.0000001097	-0.0978330661	106.1999999999	-0.0000186197	0.0000643162	0.0000219329	-0.0000457084	0.0000000169	
9.630000	-0.0000001937	-0.0000006689	0.0017451129	-0.0000000317	-0.0000001098	-0.0978330661	106.2999999999	-0.0000187514	0.0000643505	0.0000219208	-0.0000458220	0.0000000170	
9.640000	-0.0000001949	-0.0000006686	0.0017451129	-0.0000000319	-0.0000001098	-0.0978330661	106.3999999999	-0.0000188833	0.0000643845	0.0000219085	-0.0000459357	0.0000000171	
9.650000	-0.0000001960	-0.0000006682	0.0017451129	-0.0000000321	-0.0000001099	-0.0978330661	106.4999999999	-0.0000190153	0.0000644182	0.0000218959	-0.0000460495	0.0000000171	
9.660000	-0.0000001972	-0.0000006679	0.0017451129	-0.0000000324	-0.0000001100	-0.0978330661	106.5999999999	-0.0000191476	0.0000644517	0.0000218832	-0.0000461634	0.0000000172	
9.670000	-0.0000001984	-0.0000006675	0.0017451129	-0.0000000326	-0.0000001100	-0.0978330661	106.6999999999	-0.0000192800	0.0000644849	0.0000218702	-0.0000462774	0.0000000172	
9.680000	-0.0000001995	-0.0000006672	0.0017451129	-0.0000000328	-0.0000001101	-0.0978330661	106.7999999999	-0.0000194125	0.0000645178	0.0000218570	-0.0000463915	0.0000000173	
9.690000	-0.0000002007	-0.0000006668	0.0017451129	-0.0000000330	-0.0000001101	-0.0978330661	106.8999999999	-0.0000195453	0.0000645505	0.0000218437	-0.0000465057	0.0000000174	
9.700000	-0.0000002019	-0.0000006665	0.0017451129	-0.0000000333	-0.0000001102	-0.0978330661	106.9999999999	-0.0000196782	0.0000645829	0.0000218301	-0.0000466200	0.0000000174	
9.710000	-0.0000002030	-0.0000006661	0.0017451129	-0.0000000335	-0.0000001102	-0.0978330661	107.0999999999	-0.0000198113	0.0000646150	0.0000218162	-0.0000467344	0.0000000175	
9.720000	-0.0000002042	-0.0000006658	0.0017451129	-0.0000000337	-0.0000001103	-0.0978330661	107.1999999999	-0.0000199446	0.0000646469	0.0000218022	-0.0000468489	0.0000000176	
9.730000	-0.0000002053	-0.0000006654	0.0017451129	-0.0000000339	-0.0000001104	-0.0978330661	107.2999999999	-0.0000200780	0.0000646785	0.0000217880	-0.0000469634	0.0000000176	
9.740000	-0.0000002065	-0.0000006651	0.0017451129	-0.0000000342	-0.0000001104	-0.0978330661	107.3999999999	-0.0000202117	0.0000647098	0.0000217735	-0.0000470781	0.0000000177	
9.750000	-0.0000002077	-0.0000006647	0.0017451129	-0.0000000344	-0.0000001105	-0.0978330661	107.4999999999	-0.0000203455	0.0000647409	0.0000217588	-0.0000471928	0.0000000178	
9.760000	-0.0000002088	-0.0000006643	0.0017451129	-0.0000000346	-0.0000001105	-0.0978330661	107.5999999999	-0.0000204794	0.0000647717	0.0000217440	-0.0000473077	0.0000000178	
9.770000	-0.0000002100	-0.0000006640	0.0017451129	-0.0000000349	-0.0000001106	-0.0978330661	107.6999999999	-0.0000206135	0.0000648022	0.0000217289	-0.0000474226	0.0000000179	
9.780000	-0.0000002111	-0.0000006636	0.0017451129	-0.0000000351	-0.0000001106	-0.0978330661	107.7999999999	-0.0000207478	0.0000648324	0.0000217135	-0.0000475376	0.0000000180	
9.790000	-0.0000002123	-0.0000006632	0.0017451129	-0.0000000353	-0.0000001107	-0.0978330661	107.8999999999	-0.0000208823	0.0000648624	0.0000216980	-0.0000476528	0.0000000180	
9.800000	-0.0000002135	-0.0000006629	0.0017451129	-0.0000000355	-0.0000001107	-0.0978330661	107.9999999999	-0.0000210169	0.0000648921	0.0000216822	-0.0000477680	0.0000000181	
9.810000	-0.0000002146	-0.0000006625	0.0017451129	-0.0000000358	-0.0000001108	-0.0978330661	108.0999999999	-0.0000211517	0.0000649216	0.0000216663	-0.0000478833	0.0000000182	
9.820000	-0.0000002158	-0.0000006621	0.0017451129	-0.0000000360	-0.0000001108	-0.0978330661	108.1999999999	-0.0000212867	0.0000649507	0.0000216501	-0.0000479987	0.0000000182	
9.830000	-0.0000002169	-0.0000006617	0.0017451129	-0.0000000362	-0.0000001109	-0.0978330661	108.2999999999	-0.0000214218	0.0000649796	0.0000216337	-0.0000481141	0.0000000183	
9.840000	-0.0000002181	-0.0000006614	0.0017451129	-0.0000000365	-0.0000001109	-0.0978330661	108.3999999999	-0.0000215571	0.0000650082	0.0000216171	-0.0000482297	0.0000000184	
9.850000	-0.0000002192	-0.0000006610	0.0017451129	-0.0000000367	-0.0000001110	-0.0978330661	108.4999999999	-0.0000216926	0.0000650366	0.0000216002	-0.0000483454	0.0000000184	
9.860000	-0.0000002204	-0.0000006606	0.0017451129	-0.0000000369	-0.0000001110	-0.0978330661	108.5999999999	-0.0000218282	0.0000650646	0.0000215831	-0.0000484611	0.0000000185	
9.870000	-0.0000002215	-0.0000006602	0.0017451129	-0.0000000372	-0.0000001111	-0.0978330661	108.6999999999	-0.0000219640	0.0000650924	0.0000215659	-0.0000485769	0.0000000186	
9.880000	-0.0000002227	-0.0000006598	0.0017451129	-0.0000000374	-0.0000001111	-0.0978330661	108.7999999999	-0.0000220999	0.0000651199	0.0000215484	-0.0000486928	0.0000000186	
9.890000	-0.0000002238	-0.0000006594	0.0017451129	-0.0000000376	-0.0000001112	-0.0978330661	108.8999999999	-0.0000222361	0.0000651471	0.0000215306	-0.0000488088	0.0000000187	
9.900000	-0.0000002250	-0.0000006590	0.0017451129	-0.0000000379	-0.0000001112	-0.0978330661	108.9999999999	-0.0000223723	0.0000651741	0.0000215127	-0.0000489249	0.0000000188	
9.910000	-0.0000002261	-0.0000006586	0.0017451129	-0.0000000381	-0.0000001113	-0.0978330661	109.0999999999	-0.0000225088	0.0000652008	0.0000214945	-0.0000490411	0.0000000188	
9.920000	-0.0000002273	-0.0000006582	0.0017451129	-0.0000000383	-0.0000001113	-0.0978330661	109.1999999999	-0.0000226454	0.0000652272	0.0000214761	-0.0000491574	0.0000000189	
9.930000	-0.0000002284	-0.0000006578	0.0017451129	-0.0000000386	-0.0000001114	-0.0978330661	109.2999999999	-0.0000227822	0.0000652533	0.0000214575	-0.0000492737	0.0000000190	
9.940000	-0.0000002296	-0.0000006574	0.0017451129	-0.0000000388	-0.0000001114	-0.0978330661	109.3999999999	-0.0000229191	0.0000652792	0.0000214387	-0.0000493902	0.0000000190	
9.950000	-0.0000002307	-0.0000006570	0.0017451129	-0.0000000390	-0.0000001114	-0.0978330661	109.4999999999	-0.0000230562	0.0000653047	0.0000214197	-0.0000495067	0.0000000191	
9.960000	-0.0000002319	-0.0000006566	0.0017451129	-0.0000000393	-0.0000001115	-0.0978330661	109.5999999999	-0.0000231934	0.0000653300	0.0000214004	-0.0000496233	0.0000000192	
9.970000	-0.0000002330	-0.0000006562	0.0017451129	-0.0000000395	-0.0000001115	-0.0978330661	109.6999999999	-0.0000233308	0.0000653550	0.0000213809	-0.0000497400	0.0000000192	
9.980000	-0.0000002342	-0.0000006558	0.0017451129	-0.0000000397	-0.0000001116	-0.0978330661	109.7999999999	-0.0000234684	0.0000653797	0.0000213612	-0.0000498567	0.0000000193	
9.990000	-0.0000002353	-0.0000006554	0.0017451129	-0.0000000400	-0.0000001116	-0.0978330661	109.8999999999	-0.0000236061	0.0000654042	0.0000213412	-0.0000499736	0.0000000194	
10.000000	-0.0000002365	-0.0000006550	0.0017451129	-0.0000000402	-0.0000001117	-0.0978330661	109.9999999999	-0.0000237439	0.0000654283	0.0000213210	-0.0000500905	0.0000000195	
